generator,n_qubits,dim,raw,certified,gap,rel_inflation,feas_shift,status,solver,closed_form,dev_closed_form
dephasing,1,4,2.000000067474884,2.0000000674748923,8.43769498715119e-15,4.218847351242477e-15,1.7763568394002505e-15,optimal,CLARABEL,2,6.747489234015802e-08
amp_damping,1,4,2.00000000259156,2.000000002591567,7.105427357601002e-15,3.552713674196966e-15,8.881784197001252e-16,optimal,CLARABEL,2,2.591566961029912e-09
dephasing,2,16,4.000000072846005,4.000000072846031,2.6645352591003757e-14,6.661338026437974e-15,3.552713678800501e-15,optimal_inaccurate,CLARABEL,4,7.284603142920787e-08
amp_damping,2,16,3.999999998476489,4.0000000061582055,7.68171659615291e-09,1.9204291497696764e-09,1.9204260496867055e-09,optimal,CLARABEL,4,6.158205501094471e-09
dephasing,3,64,6.000001302291928,6.000001302291996,6.838973831690964e-14,1.1398287245502028e-14,5.329070518200751e-15,optimal_inaccurate,CLARABEL,6,1.302291996019278e-06
amp_damping,3,64,5.999999986092247,6.000000043887634,5.779538714278942e-08,9.632564546126125e-09,7.224420344820708e-09,optimal,CLARABEL,6,4.388763397145112e-08
coherent_H0,3,64,3.0000004816511514,3.0000004946110876,1.295993623529057e-08,4.3199780515227225e-09,1.7763568394002505e-15,optimal_inaccurate,CLARABEL,,
coherent_H1,3,64,4.00000092495004,4.00000092495007,3.019806626980426e-14,7.549514821720055e-15,1.7763568394002505e-15,optimal_inaccurate,CLARABEL,,
coherent_H2,3,64,4.000000380757237,4.000000380757269,3.197442310920451e-14,7.993605016395387e-15,1.7763568394002505e-15,optimal,CLARABEL,,
