seed,fid,err,u1_0,u1_1,u1_2,u1_3,u1_4,u1_5,u1_6,u1_7,u1_8,u1_9,u1_10,u1_11,u1_12,u1_13,u1_14,u1_15,u1_16,u1_17,u1_18,u1_19,u2_0,u2_1,u2_2,u2_3,u2_4,u2_5,u2_6,u2_7,u2_8,u2_9,u2_10,u2_11,u2_12,u2_13,u2_14,u2_15,u2_16,u2_17,u2_18,u2_19
20260801,9.9999999999800626e-01,1.9937385076218561e-12,-2.4069373280777899e+00,-1.9252801334811356e+00,-1.6275428235488629e+00,-3.5648524502903629e+00,2.6496637123185725e+00,1.8722445933554823e+00,5.7597515775776631e-01,7.3362524364825821e-01,-1.8462883075839531e+00,-2.5662285678987984e+00,-7.7365284892178043e-01,1.8610966551666464e+00,1.9547223490114889e+00,2.1545696413818765e+00,-9.9095844663844534e-01,1.5109672635261355e+00,-1.8008050060909391e+00,2.8040610705396496e-01,2.2608748904395826e-01,3.1608365337241473e-01,-2.2576808686572809e+00,2.1534628628289014e+00,-2.4338217323298428e-01,-1.2248709182164741e+00,-1.4933873293048655e-01,1.2322010402277201e+00,9.1180883910860466e-01,-3.9274180837236428e-01,-1.0584634425340651e+00,2.9707694781406753e+00,-1.2580400956905984e+00,-8.1409222939718390e-02,-8.8834582902393253e-02,-5.7854242710273440e-01,6.6612555422825814e-01,-1.0862431176805754e+00,-5.8568471789292254e-01,2.3058848107885027e-01,1.8379745171565762e+00,-1.4614470244654449e+00
20260802,9.9999999999517419e-01,4.8258064211381679e-12,2.1874771303880203e+00,1.6038951113337783e+00,-2.2802917829894502e+00,-4.5399650709033876e+00,-4.5425652634477637e-01,4.3531859944672178e+00,2.0453607868377519e+00,-1.0391355872967198e+00,-5.8548313023548537e-01,1.4067119883593076e+00,2.6402733631967132e+00,2.4182723441204153e+00,1.2630751413916415e+00,1.8139395664475404e+00,-1.1836898578049890e+00,-1.3376035447978305e+00,9.4078318484855150e-01,-7.6181923817492581e-01,-1.0773667872990540e+00,-1.4228128934646686e-01,1.2812713268671805e+00,3.0957976667065695e-01,-2.8785791537866894e+00,9.5752432347493910e-01,2.2856604495777773e+00,1.0461197235432369e+00,-5.6761163660209568e-01,-2.7965771023060870e-01,-1.5558049633488522e+00,-2.9153629013997402e+00,-1.2562917239759623e+00,1.4817098768700909e+00,8.7602431995351260e-01,1.6450278566385004e+00,1.9467373770047429e+00,-1.7552414195868120e+00,-6.1585552218114348e-02,5.5096898135835060e-01,3.0625162001398425e+00,5.1973259241787839e-01
20260803,9.9999999999755484e-01,2.4451551894344448e-12,3.1272279648816992e-01,-1.2589110250586926e+00,-3.5889368000071131e-01,7.3499507140690390e-01,1.6745746287974361e+00,1.0256956298908551e+00,-6.2959819839464515e-01,-2.6006386001272896e-01,-1.9112705123645557e+00,-3.0016612592028937e+00,2.4752776007021637e+00,2.2625486410123887e+00,-3.4870908815784984e-01,1.9931067350326889e-01,-7.8770209825203802e-02,-1.9499051091393200e+00,-1.9539428678756858e+00,-3.5741040417835279e-01,1.4131708126455214e+00,-1.2161789155283982e+00,-5.4142100294166851e-01,2.6570205669608278e+00,1.6316889043147524e+00,-1.6581947285274490e+00,-1.7425820066213398e+00,1.6048927740451111e+00,5.5498427086736934e-01,5.7224988022404710e-01,7.6038209554546465e-01,5.7737252790319027e-01,-7.1078196557117579e-01,-1.8752108625190114e+00,1.8399062684246357e+00,-3.0517665500861019e-01,1.3747536999795236e+00,-2.2392660621026685e+00,-6.9173369445788535e-01,-7.3258916163095233e-01,-2.9334719128527864e-01,2.0964899412530764e+00
20260804,9.9999999999920974e-01,7.9025674892818643e-13,-4.3983505214964405e+00,5.2043751207898348e+00,3.2223148815086948e+00,-4.2320083913508133e-01,-6.2825913866941041e-01,-6.7841969748579478e-01,1.3789423729602706e+00,-5.8889421385298746e-01,-9.3874940430125176e-02,1.0332128594350507e+00,5.2073079029402358e-01,-8.5929855694781287e-01,-2.2375034506088748e-01,7.9199604590072248e-01,-2.8289932851540239e-01,-1.2445050499801691e+00,3.6598799771332344e+00,1.7350065000937216e+00,-4.7110701995601953e+00,-2.7265246091170163e+00,-7.3885395683414612e-01,1.4615643559552963e-01,-4.5111414073331479e+00,2.9764101623731259e-01,2.1802830193035803e+00,-1.5619179885670260e+00,-5.0080080351687650e-01,3.9306494416077747e-01,-1.9754822894399818e-01,-1.6914608922318934e+00,1.4447454226805687e+00,9.9200669381384310e-01,3.7733411338636103e-01,-8.5266204716316973e-01,-3.1980994911453564e-01,-1.2618464475270350e+00,7.8751938337951399e-01,1.3659680160672798e+00,-3.3636479494519794e-01,-1.1424379179627788e+00
20260805,9.9999999999923561e-01,7.6438855245442028e-13,-1.7233978677599766e+00,1.6554882623688796e-01,3.5214301076072005e+00,-3.4942424246209187e+00,-3.1623322370717286e+00,2.2353761386864566e+00,1.6071565405108783e+00,-5.2418724510117398e-01,-2.7783211058443742e+00,1.1054302924774539e+00,6.2209441173013835e-01,-1.6813006344127821e+00,-1.2084387096377933e+00,-3.8513945981590220e-01,-3.1089878940947474e-01,1.1253677187034259e+00,-6.3885805893446757e-01,1.2189572888353641e+00,1.5770401466445789e+00,-2.6117792730839412e-01,2.1678900560407580e-01,1.8881704839484567e-01,-2.6641516180764774e-01,2.7768849587360678e+00,-3.2099504226428248e+00,4.3853868578195898e-01,-1.5250672878562160e-01,6.8949790025347713e-01,-4.2979083096427763e-02,1.6732556164684163e+00,7.4082053533205361e-01,-4.6177091162157491e-01,-1.8140064357018229e-01,1.0580826725295025e+00,-5.2542805680509586e-01,-2.7688177291780280e-01,-7.2780006896792904e-01,2.0196455162534042e+00,1.8378141608822594e+00,-6.9579608928495451e-01
20260806,9.9999999999944589e-01,5.5411231159041563e-13,2.7615509540368581e+00,4.9171601707744053e+00,-1.9682257952740057e+00,-1.3175295339700446e+00,7.2317976283148844e-01,7.3146524876248309e-01,-4.2446268864268349e-01,5.9870498714283515e-01,1.4477557351910364e-01,-1.4314189135903952e+00,3.5962703133430429e-01,-3.7596937352881477e-01,-3.3544336535793401e-01,-6.5474631829313368e-01,7.9908018187815544e-01,1.3050642709289528e-01,9.3452944243077951e-01,-2.4696114214609954e+00,-5.9575145255306836e+00,3.2695987342002799e+00,1.4447700458301296e-01,-5.1969549377714586e-01,1.4825982718337534e+00,6.3884507087928644e-01,1.6176764708429137e+00,-1.2049825584014460e+00,-1.7011443581314527e+00,1.8414401464536614e+00,3.9790241690639300e-01,-4.6568806123504153e-01,-7.7977610158095800e-01,2.2962056984384377e-01,3.0168453966457415e-01,-7.7852062435818514e-01,-1.1534270742948309e+00,2.6762701245463458e+00,-4.4177752075648757e-01,-2.2878605071127422e+00,-1.9909256174994183e+00,-2.8341124278457269e-01
20260807,9.9999999999866929e-01,1.3307133173157126e-12,1.5552377203761674e+00,7.8549910133900969e-01,-6.6107148111551606e+00,-1.4633607606078687e+00,1.4768349468709669e+00,-2.2548090193539846e-01,-1.3025918406058440e-01,5.2097540253279517e-01,8.2145744932007922e-02,1.9147573513715013e-01,-4.0230780897761470e-01,-7.3995926390384781e-01,1.8891197027470988e-01,-3.0573294788061750e-01,1.2021541039194654e-01,5.3153580244143450e-01,-9.2759744461770752e-02,-3.0643810689326516e+00,2.2224384320317747e+00,5.4417269109139488e+00,-6.3689445063873762e-01,-1.6539725185134366e+00,-4.3571201792200598e-01,-2.5179693376437537e+00,-1.6906303680109262e-02,1.8296771621403626e-01,-3.0295850306426170e-01,4.9766718261004594e-01,-2.1692961792027297e+00,1.4561095917383393e+00,-7.9137743180752729e-01,-2.3224109575794114e-01,1.6427311199870485e+00,1.6091679413793678e+00,-1.2496447473384094e+00,-1.1541629180881030e+00,8.3304389245481769e-01,1.5660300886530900e+00,-1.3932343452218443e+00,6.7905522393015993e-01
20260808,9.9999999999882794e-01,1.1720624470967778e-12,-2.9805286229506494e+00,-3.6698165451149580e+00,5.2688912858151249e-01,2.7083774961462104e+00,-1.8146337281541841e-01,-2.5469514376484654e+00,-8.0349187947050504e-01,-1.6751704024105813e+00,-5.3688010401843500e-01,-3.9588814655114907e-02,-8.4424875201512869e-03,3.2193499775271822e-01,-7.5459216442052157e-01,-5.2113836875199360e-01,1.7892994937096901e-01,-6.8689440340381858e-01,1.1144795822932949e+00,2.8709337175091276e+00,6.3570610434822115e-03,-5.0197224904906621e+00,2.6886537374474129e+00,-3.5451733242653991e+00,1.6736585520828251e+00,1.1807100797385730e+00,-4.5151268069356587e-01,-8.7459157719209812e-01,-1.2736329717324675e+00,-2.1062001030400071e-01,-1.2685425280852176e+00,-3.0730288913815118e-01,6.8486034842423882e-01,-3.7297386532443094e-01,7.6309488980838536e-01,1.3510201221342815e+00,2.8306487651859025e-01,-2.0732079832888402e+00,-1.4207398622893896e+00,9.7597995480681521e-01,-7.2912335216032442e-01,1.0222599561673411e+00
20260809,9.9999999999918421e-01,8.1579187849456503e-13,9.9030951891970009e-01,-2.0038148936635993e+00,-6.8632163789006739e-01,7.0104347401424139e-01,-1.0574022959212841e+00,-2.4123050427887844e+00,2.1133831499796774e+00,1.4788236152114196e+00,-1.1292031743930564e+00,-2.0128923090733069e+00,1.4108587399472223e+00,1.4520418313499270e+00,-1.8477528669500998e-01,-4.0103281683790843e+00,1.8062993007191348e+00,3.4029142219473876e+00,-1.7374932341510458e+00,2.4332408522018886e-02,2.4725485499398792e+00,-6.2298489320153738e-01,2.0281835837013623e-01,1.0543418575844801e+00,3.1926423138024860e+00,-1.2345239304852427e+00,-7.6049063004141271e-01,-2.2984599466362943e-01,8.1862796699216855e-01,-3.2687849262033808e+00,1.6053880086825454e+00,4.4046359117761481e-02,-2.9936302560661407e+00,3.0505604399646842e+00,-1.0309610741233174e-01,1.8338198075189741e-01,-3.6830889322649946e-01,2.7684519388758457e-02,-1.3520655967612414e+00,1.1197242745644305e+00,1.0320298552148821e+00,-6.3691979563965184e-01
20260810,9.9999999999872613e-01,1.2738698984549046e-12,2.1662684477064015e-01,-2.8121118991849908e-01,2.2573560208834578e-01,-1.7657262714748105e+00,-8.1274934467568105e-01,1.0800360068018479e-01,-8.6251038659975621e-01,-1.5626894729950922e+00,-5.6967567068742664e-01,4.5942405303178928e+00,4.4973376555376604e-01,-4.5072512347265441e+00,-2.7182520580362163e-01,3.7827538187012553e+00,-3.7216647679748854e-01,-1.7408075271589170e+00,8.5400150596146629e-01,3.4499041372465489e-01,4.2864340788251115e-01,5.1832775261014707e-01,9.8026479695466995e-01,1.2166891710975620e+00,2.7664930379420380e+00,-5.9812256477014025e-01,3.1389111805595693e-01,3.6568195291291195e-01,1.3445142988531393e+00,1.3809134874614820e-01,-6.8098235924631223e-01,7.0103489434654331e-01,2.7338702319024211e-01,-6.6900839983447358e-01,1.4479387190527877e+00,4.3128058130939456e-01,5.0483101916252893e-01,-1.4415718200128500e+00,-1.1442796531613781e+00,5.1226102134043994e-01,2.3896464470850839e-01,-6.1735873712685807e-01
20260811,9.9999999999875611e-01,1.2438938767900254e-12,8.6565553277321494e-01,-4.4555039706857152e-01,1.2210297977126741e+00,-4.2096782572152852e-02,9.4454486479566044e-02,-2.1064034488263865e+00,-1.9100359834662355e+00,-4.9631457521091028e-02,-6.7811488200897907e-01,1.8655870668979340e+00,2.3768041480428224e+00,6.7382750322519547e-01,4.3523265614758427e-01,-1.2549359130061966e-01,3.6953463373543225e+00,2.2706533320856241e+00,-3.4210229775429729e-01,1.1180056619023631e+00,-2.8123248217865480e+00,-2.8509784529371038e+00,-1.4715309865827666e+00,1.5962276043151262e+00,2.9532793376020456e+00,1.7860155918834428e-01,-1.5382736171300520e+00,1.9111630237726547e+00,9.9036806360382779e-01,-1.0807821823639068e+00,-7.5423564039965446e-02,2.5563861288672213e-01,-9.4405229406884117e-01,-2.4373508958003620e-01,-2.3226100566544310e+00,-2.0779793790613893e-01,-1.1396608276964961e+00,8.8351983908273124e-01,2.6192954488300035e-01,-2.0755581468853928e+00,2.8446907118636302e+00,-7.6024777983460623e-01
20260812,9.9999999999849065e-01,1.5093482019779003e-12,8.9267375606322930e-01,-2.2657233294165202e+00,1.7969317254302328e-01,6.2990594225986651e-01,2.3522612967043304e+00,1.2925133611514548e+00,9.0518347166251190e-01,1.5233997872265678e-01,-2.0117973241168015e+00,-2.6659871848347891e+00,9.1120604598483690e-01,-8.7679332801528051e-02,-1.8864172058665358e+00,-1.2138738870374365e-01,1.1437351562647962e+00,6.1474428856873420e-01,3.5446744283679528e+00,3.9953675821327996e+00,-2.3580113653849380e-01,-2.0517278204676432e+00,-1.0071593010989566e+00,2.1653397806286945e+00,-8.7009101330912508e-01,-1.2153176200662468e+00,-8.7049481253641858e-01,-1.7249292395421894e+00,-4.9642671522213738e-01,-1.3138616566139505e+00,-3.8096764337621009e-01,-4.4927612538525524e-01,1.3914682365544062e+00,1.4452016805943464e+00,1.6121445465087827e+00,-1.1886379768904598e+00,6.9559548425302298e-01,1.8309151410394109e+00,4.1228574247859201e-01,3.2009505629137163e+00,1.9064737857552563e+00,-1.1754317820942994e+00
20260813,9.9999999999922073e-01,7.7926554098439738e-13,-9.4579293470763914e-01,-2.4252428350756268e+00,-1.0866290659550784e+00,1.0336324847073208e+00,4.3443188683676276e-02,8.6610305321039638e-01,4.5756710488342067e-01,1.0102809744732115e+00,-1.6106647781316235e+00,-1.1424280487995169e+00,1.2072224590689187e+00,1.3551068616912569e+00,3.5569008645427766e-02,-1.3594412246359655e+00,1.1266175078818372e+00,-5.1540140833775916e-01,5.5389814242244817e-01,-6.4539721207576131e-02,3.4552616713147328e+00,1.2283656584921898e+00,1.2087813139908674e+00,3.7096451063167990e+00,-9.4515364081078668e-01,-2.4224119922598772e+00,-3.0682256136382818e-01,2.5464369643786694e-01,1.1434808150906695e+00,8.0175899600670408e-01,3.1722347608335860e-01,1.1550572402964212e+00,-1.0253686228523458e+00,-1.7977806778033043e+00,-7.0630199814284844e-01,1.1702976077080254e+00,1.2682811444553761e+00,-2.3992546936832970e+00,1.9430163435502872e+00,-1.5335239384083883e+00,9.0536295120816423e-01,1.7803914259383837e+00
20260814,9.9999999999833855e-01,1.6614487563515468e-12,-2.5601523082878184e+00,-3.8926728464623834e+00,3.4386715488489572e+00,3.6165184809331112e+00,6.4751315033529999e-01,3.6610526292589141e-01,1.4711253971220670e+00,3.8792002592620833e-01,-7.5868577187651420e-01,8.4756373189662515e-01,-2.2783469828151906e-01,-5.4464534317807345e-01,-4.8787560486900097e-02,4.7449057318912491e-01,-3.1048957564965712e-01,-3.1470509417596393e-01,1.6680298694105546e+00,3.6762698820548207e+00,-4.3710171094253072e+00,-3.5748860558085180e+00,-1.2581745731146010e-01,-2.2673454369064756e+00,1.9214564402739049e+00,7.2607839911189187e-01,-7.6054386710852917e-01,2.6143840430039667e-01,4.4460566259372918e+00,3.1044790701478728e+00,1.9418064206475270e+00,6.4122220690140741e-01,-6.5033025695975921e-01,-1.2800526020694758e+00,-5.9752130840263940e-01,-4.1294140970025685e-02,3.8548455143450616e-01,-1.9405957377682188e+00,2.4754134320970524e+00,3.5602398382483673e+00,-2.8195908789771726e+00,1.8688784333852635e+00
20260815,9.9999999999904865e-01,9.5135010980129664e-13,1.7369639566219164e-01,1.2679369477129761e-03,1.1938256581291371e+00,7.9927459851090599e-01,-2.7090860040288173e-01,-7.3333535748448408e-01,-2.1569452160459474e-01,-4.8716197871867069e+00,5.9818955778033867e-01,1.4731571239740435e+00,8.7518281647565255e-01,2.6206061581054310e+00,-1.6355765324944271e-01,-2.1607342884650240e+00,-3.1374927625591540e+00,-8.2925298484948395e-01,2.0460643158347698e+00,3.1054278156312920e-01,2.1629826839173774e+00,1.2881381063908790e+00,-1.3854215206217704e+00,2.1767735481940673e+00,3.7994018823680875e-01,-1.0901453330299251e+00,-3.3430444504157189e-03,7.8612696831719425e-02,3.7266371732878317e-01,5.6176065568365496e-01,-6.2685288968690211e-01,-6.6623718932850484e-01,2.4939298321375674e+00,-3.6350322769989274e-01,-1.0554644618884133e+00,1.1772314789181717e+00,2.9294297676781129e+00,-8.0015825557751841e-01,-4.6181595864252256e-01,7.8581926125899670e-01,1.5950459323293382e+00,-1.8107503455286498e+00
20260816,9.9999999999975908e-01,2.4091839634365897e-13,3.9200083939428598e-01,-2.2239387511611515e+00,5.8897433654451903e-01,2.1442970811053774e+00,-3.2202336738493464e-01,2.8176734902179956e+00,1.4569822112830291e+00,-1.6694390377018227e+00,-2.9553208426210085e+00,-2.0347552273008427e+00,1.6037098518048309e+00,1.0403094758519473e+00,1.6741593588925134e+00,2.9513829237923161e+00,1.9943929839770991e-01,-2.9831292780664382e+00,1.4214934757691493e+00,-8.9001836332538353e-01,-8.7555653236840814e-01,7.9567917029917157e-01,-9.3140211722709865e-01,1.2581083011806400e+00,2.7614636650705510e-01,-9.2109336659163576e-01,-1.5875191874489631e+00,4.9476086172431566e-01,-2.1887938527928771e-01,7.5660639943134034e-01,-3.0745517133798330e+00,1.4192695707507566e-01,1.4229844231340001e+00,-7.1731018201208829e-01,-1.3858430324506796e+00,3.7137514163720070e-01,-6.8540466394430233e-01,-2.7672721935518947e+00,-4.7842500049268438e-01,3.5329870325206009e-01,2.0484299700851816e+00,5.1667654091681192e-01
20260817,9.9999999999953104e-01,4.6895820560166612e-13,3.2567962855499228e+00,5.3556581153111891e+00,2.0228208629321425e+00,3.1121256899911165e+00,1.0205712511432579e+00,2.2516645027402276e+00,-9.3704593000550018e-01,4.0613550012611660e-02,2.9939409324176300e+00,7.5135908391834938e-01,2.3718371496789135e+00,-2.9260204767682391e-02,-8.5665119331978623e-01,-5.8408855836607265e-01,-2.1983222984346248e-01,-3.3699014687296934e-02,8.4133046215603891e-01,-3.5559345567359637e+00,3.4089021484467090e+00,5.1017560594190927e+00,2.0675582211300290e+00,4.2473354700038204e+00,6.0886970653333217e+00,-3.2154603927940726e+00,1.1762220436435658e-01,-1.6215105114042844e-01,-2.4255906449670630e+00,-5.7318175950845154e+00,-6.3871739495516273e+00,1.1549800635948790e+00,1.9674923729734568e+00,2.1439026487897888e+00,1.6445381132546848e+00,2.4496015824935241e-01,3.7267278371244750e-01,4.4027389089508967e-01,-1.0446548836912202e+00,3.7037852545994876e+00,4.9993803657477037e-01,-3.7755140697825880e+00
20260818,9.9999999999964373e-01,3.5627056860221273e-13,1.8673061178078076e+00,-7.9184738113429685e+00,-3.2735235397220708e-01,-1.1608598783360966e-01,1.9770084300385729e-01,-2.0890247321936033e+00,-7.4372426134955039e-01,-3.2204025903516748e-01,-8.8142157647452668e-01,7.8942067948513472e-01,-1.7796618774587267e+00,4.5272876635037201e-01,-4.7099863461606162e-01,5.6544600753423591e-01,1.1644205440574438e+00,-2.1229985180593194e+00,7.9833956779804782e-01,4.8792686694707683e+00,-4.0860021448138371e+00,-5.9217680983181618e+00,1.1172360579703224e+00,-5.0882677056112282e+00,4.6539452332527326e-01,3.3402286401137438e-01,-1.7570589551656210e-01,-2.8155150900167314e-01,1.2622302297936199e+00,-2.2893690294767666e+00,1.8792376660144905e+00,1.5647649050405861e+00,-3.8511187514702119e+00,9.7542509369207708e-01,1.7266729018515157e+00,-1.9007370860157558e+00,-3.3460862947638406e+00,3.6458717476129587e+00,-4.3144810288371144e-01,2.1048604403640736e+00,-1.4419018574321785e-02,-1.4104641079062015e+00
20260819,9.9999999999874967e-01,1.2503331703328513e-12,-5.0497912900725526e+00,-2.2713704174381890e+00,4.4360536951175664e+00,9.5392218519726749e-02,7.0058598800956162e-01,1.1897627234357491e+00,-8.9898802937130151e-01,2.3632877790400633e-01,1.6942958588221513e-01,-2.9069979400589252e-01,-6.0140184644293959e-01,9.6909109195669685e-01,-5.7441588221610962e-01,3.0582355154971763e-01,3.9229067528464118e-01,-1.0053549333134832e+00,-1.6198262190920987e+00,6.5633508954404736e+00,1.7484918124292737e+00,-1.6649025514295890e+00,-2.1090566083986495e+00,-9.9484828387808222e-01,2.1040112934661597e+00,7.2366527121658419e-01,-7.1224727072531158e-01,-9.0542640675906394e-01,1.0847296911951758e+00,-3.8960428895574212e-01,-1.0998650961631031e+00,-2.2253878542969425e+00,-7.9612731882885701e-01,4.4319190367750433e-01,2.2118702236281540e-01,3.1017555074284747e-01,2.9991070462826159e+00,6.8752284916851980e-01,-2.9997164658493669e+00,1.2164722970201203e+00,-2.9401586418860925e+00,-5.4587242080284260e-02
20260820,9.9999999999967781e-01,3.2218672174622043e-13,2.1749155469337809e+00,5.2906521933359718e+00,-2.5878244454232364e+00,-1.0864278024730549e+00,-7.0392348703264163e-01,8.4738967525302844e-01,5.9018937229402868e-01,6.4585114529621535e-01,-1.5468888316804769e-01,4.8309599777034712e-01,-1.8804605222685106e-01,6.1152845047477700e-02,-1.0793719769532144e-01,2.1161300154660667e-01,3.8995935873530757e-01,-9.9324816071540134e-01,2.7738132652296188e+00,-4.1462587704473792e+00,-5.1436428155202893e+00,2.3866473790941956e+00,-1.0941383630722004e-01,-1.2151733170475212e+00,4.2533443629560430e-01,1.4797221334806507e+00,-3.7189194471517395e-03,-3.6103728283438734e+00,-6.7728151410168413e-01,4.5172718343085561e-01,-1.0097956642491037e+00,5.7321055829171952e-01,-2.2298814609998976e-01,-2.8083952942858526e-01,5.2193298100241958e-01,-2.0380146427154702e+00,1.6000298725146180e+00,1.9352903952281066e+00,-6.5694258093343760e-01,-8.3698454403354539e-01,-5.1116257769209017e-01,-2.1437015539489273e+00
20260821,9.9999999999978584e-01,2.1416202145019270e-13,1.9808022652870310e+00,8.3283003347415938e-02,3.6809069195199391e+00,-8.5183841128815974e-01,9.3554043267223508e-01,-1.6867222373902329e+00,-2.4979801270807700e+00,8.9208208339742454e-02,1.4692903473496024e+00,9.9372160789380448e-01,2.4173684559245014e+00,-1.6375096995452136e+00,-1.2887453927024080e+00,-2.0169963543446041e+00,-2.0588136421068631e-01,3.0176284509905380e+00,3.7640464547030600e-01,2.8746208920641432e+00,-1.3283229014080181e-01,-6.2946636573468639e-01,-1.1563880439087901e+00,1.9335939896112411e+00,1.0607642282159933e+00,-7.8499677918156152e-01,-4.8627477039141408e-02,7.3683458411107772e-01,2.6256149479240141e+00,-9.9574743515759978e-01,-3.0806449382854301e-01,1.0612232181668633e+00,1.4040651542581881e+00,-1.7219425364694372e+00,-4.8283479467973026e-02,2.1219328694184232e+00,-1.4666713634552659e+00,6.0705958434825835e-01,7.5569301957667034e-01,-1.0530983983938755e+00,3.0978524851256877e+00,-7.6500549432433917e-01
20260822,9.9999999999951195e-01,4.8805404162521882e-13,-3.6880807504748634e+00,-3.8471510177723829e+00,2.5367077856732037e+00,2.2913485198851973e+00,-1.4781574729881743e+00,5.9869110234455591e-01,-1.1160351541613238e+00,1.9870461934929504e-01,6.2670681571765086e-01,6.8190553101361606e-01,2.6941795424490106e-01,4.7755164998725957e-01,-1.1758785675963359e+00,-1.5663138821839762e-01,4.9878609349773612e-01,-1.1568738671290424e+00,-3.6058434562636667e-02,4.6900008927685635e+00,4.2080397407542334e+00,-3.6161123336307357e+00,3.8886108556020232e-01,-2.2466384282041991e+00,2.1620938176915936e+00,1.7948899116510406e+00,-3.1777628057759227e-01,-1.7824817559644346e+00,1.2248038459348523e+00,1.5927846107897070e+00,5.2941810841648207e-01,3.1012178032646326e-01,1.1127090548391643e+00,5.9184703683046014e-01,-1.7845639284846961e+00,-1.9211204337648033e-01,1.6163170268909752e+00,-2.5900736742842856e-01,-8.9894928800953688e-01,-1.8544823609751460e+00,4.0335283843522980e-02,-1.4197741825127352e+00
20260823,9.9999999999956024e-01,4.3975934005402451e-13,1.1185579759104056e+00,-2.7291377607785177e+00,-1.3256614253078844e+00,-2.0840828998767050e-01,-1.4149917428722196e+00,6.0106185114424525e-02,2.2901905946380570e+00,2.7909292082604247e+00,-2.3958642603359457e+00,-1.3151365200176577e+00,-5.7599743020838112e-01,-2.9694215267384005e+00,-1.7238663010390471e+00,1.9454320653926169e+00,2.4750593216691281e+00,1.8595723646721911e+00,2.7295613494533106e+00,3.1433594138488568e+00,-6.7603928628218857e-01,1.5258162837834910e+00,-7.4552681718416480e-01,2.9318315401452413e+00,1.0315539214961573e+00,-5.0977064887318035e-01,-3.1152077577412357e-01,2.1937218742789377e-01,9.8528831561631586e-02,5.9696534664679790e-01,-6.5497337190169536e-01,5.8567921647880118e-03,1.7326729766875909e-01,-6.1677094544749178e-01,-1.0010996277956876e+00,1.5758370682292824e-01,3.1874085756925887e+00,5.7660178087950231e-01,-8.6162300547929638e-01,-5.7519461946472017e-01,-5.5336260761284853e-02,-5.4202305712074783e-01
20260824,9.9999999999612887e-01,3.8711256422629958e-12,1.8678870466977178e+00,1.6140311959017415e+00,9.0392410219642783e-02,3.3434838909280926e+00,-8.0226849582341914e-02,-2.4400318569632451e+00,-1.4214472986695217e+00,-1.2616333758132128e+00,2.2563222583348999e-01,-1.0853339235103041e+00,2.5004674197403260e+00,9.1762643036948244e-01,-2.1978677256460766e+00,-1.9225952204736074e+00,-1.0990540819781074e+00,1.3166014381036608e+00,-2.7114460668942503e-01,3.3140474653750385e+00,7.2690243118961662e-01,-6.9539548551274077e-01,-1.4573039074781127e-01,7.3311725008000261e-01,-6.1479192997228216e-01,9.6586495524740401e-01,-2.1257673468066676e+00,1.4721771610260930e+00,2.2355750383736734e+00,-1.9345121608799856e+00,4.0610519180569821e-01,-9.5182433331659411e-01,1.7185463991123857e+00,-1.2236193477674255e-01,5.3164613856867338e-01,-2.0414738214542782e-01,-7.9838188530126364e-01,-1.8379614455464982e-01,-9.3521961620920868e-01,9.8655957792734528e-01,3.9065274943306805e+00,-3.5352686665025862e-01
20260825,9.9999999999823974e-01,1.7602586055431857e-12,-3.2741388626967527e-01,7.5622643707519699e-01,3.6538286499431281e+00,9.0894310777726250e-01,-6.3010387604760547e+00,-5.8359569625387364e-01,1.3814726932818229e+00,1.0183743047311102e+00,-4.0421440729653585e-01,-2.9345540437409254e+00,-1.2394210312250561e-01,7.5232006957844988e-01,1.4133553210812442e+00,-1.1021580454624655e+00,5.3254932756810491e-01,3.3315249001525049e-02,-1.4407451151270323e+00,-1.4291585816885106e+00,-7.7906939077282134e-02,3.7066384645374828e-01,1.4521632809291081e+00,-4.1778339338838996e-02,-4.2057773351855599e-01,3.3951862109403903e+00,1.7957148073053347e-01,-3.6971896007127505e+00,-9.3894462810768220e-01,1.7394745583208027e+00,-1.8035099043000118e+00,-5.9520460832615148e-02,1.5294741309200504e+00,7.9283117589665664e-01,-1.2666076089401166e+00,1.2183067725090537e+00,-1.2961889580795243e-03,3.3303039247982343e-02,-8.9721202993798974e-02,-1.0117141234720343e-02,5.0174830746779495e+00,2.2323393002747287e+00
20260826,9.9999999999592071e-01,4.0792924593802127e-12,5.3212739614705038e+00,2.5652369774572086e+00,-2.9297901146897480e+00,1.3191683407653490e-01,1.0108669274211787e-03,-1.9959304953839752e-01,6.0286350239768960e-01,-1.0226965372746211e+00,-9.9761324718524627e-02,-3.0162357876917939e-01,-2.8365892016756777e-01,5.2765539933625248e-03,5.2152507966122440e-02,-6.3577214989678033e-01,6.8726229843576636e-01,2.7271229474894365e-01,-2.1183830466014664e+00,-6.0552321590931237e+00,2.3468222801673537e+00,1.0930630505729519e+00,1.7919980968299953e+00,-1.6819345113246476e+00,1.4315436697826758e+00,2.1998652583174345e+00,-2.5207454161463843e+00,3.3196061699490159e-01,1.6662057887587580e+00,-4.6798345124079932e-02,1.9609886774794649e+00,-1.4425007514617037e-02,-8.0020127267854202e-01,7.7421313397926039e-01,1.7634874347052690e-01,-1.3777611656701132e+00,8.3780006962188691e-01,-1.2040206431573595e+00,-2.6577770943725105e+00,-2.6533829900855815e-01,-1.5112137924189448e+00,-2.3089653490771811e-01
20260827,9.9999999999562128e-01,4.3787196091216174e-12,6.1373174956196488e+00,1.0475318972128620e+00,-1.6167616978788855e+00,-1.2790088678017675e-01,8.3542283270322681e-01,5.6053322624060231e-01,-6.0080475327495098e-01,1.6979647813320169e-02,-6.1440695645309729e-01,4.3994310998265179e-01,3.8450039035641631e-01,1.6999038100719057e+00,2.1807851859941754e+00,8.2879716515329083e-01,9.3510824751634669e-01,4.5785080732063621e-01,-4.5484380013485772e+00,-1.5283894877904012e+00,3.2553735003873197e+00,1.6872600874303234e+00,1.1188960986228924e+00,-1.2012091956259066e+00,2.6712036696169754e+00,2.5870665714260888e-01,-2.0524871273253185e+00,3.7285860447705571e-01,1.2854428553210928e-02,-9.2693673523846354e-01,-9.7104115437912242e-01,-1.2423978798480526e+00,-6.0977192039762507e-01,-1.6642877534371892e+00,1.1783595805847007e-01,-3.3808230772059578e-01,-1.2130588516810306e+00,-1.9281297268801143e+00,2.1851566532268976e+00,-2.8379413761740512e-03,-1.8141228571090824e+00,2.8875807116158896e+00
20260828,9.9999999999937084e-01,6.2916338805507621e-13,9.7352833245555837e-01,1.7955798120641026e-01,-8.2524481453734353e+00,1.1652577237777577e+00,4.1749823042080231e-01,-4.9001901200508580e-01,1.2416278600653273e-01,6.8779486034110171e-01,-9.3563155501081463e-01,9.8644815909880634e-01,-4.6864616843762147e-01,-1.1412390928257837e-01,-2.3383226590457407e-01,9.4295932187863130e-01,-1.4113215917858846e+00,7.9913653339273094e-01,2.7692501754385890e-01,-4.1339369707910452e+00,3.2687455004257169e+00,5.3828343395734812e+00,-5.8839622257301494e-01,-1.8812709225944670e+00,-8.5847189836445192e-01,-2.1623359822184418e+00,7.9900977668905593e-01,1.1295277395224498e-01,-1.4947800762893761e-02,-8.0433558689732376e-01,-7.0228212350329533e-01,-5.7393083674717593e-01,-1.2434121566880365e+00,-6.2228408983861849e-01,1.2392915636651907e+00,4.7485854274735728e-01,-2.2713956552718515e+00,-5.0579129372162779e-01,1.0668584707914586e+00,7.4330950934721929e-01,-7.7723195776484733e-01,3.9763709140255715e-01
20260829,9.9999999999924571e-01,7.5428552293033135e-13,-4.0342798693675946e-01,-3.2593423692501724e+00,6.4614093905262793e-02,-3.0928556196501256e+00,-2.0646507525158628e+00,3.1389268231593865e+00,5.1076627395013521e+00,1.6813553817360169e-01,-5.7725654317427813e+00,-5.9316233242711949e+00,3.6346419836482746e+00,2.1002391789152441e-01,-1.9320459441386597e+00,2.0157645663953434e+00,1.7421827557998741e+00,-3.6397571486360500e+00,2.7105566392023173e-01,1.0905960491639877e+00,1.0915945168331798e+00,2.1703431616224547e-01,2.8884576719050736e-01,4.6979038481296183e+00,-1.4458387979495453e+00,-4.8439674655294673e-01,6.5080701873647262e-01,-1.5882328577243616e+00,7.7862997938333001e-01,9.8536901694389653e-02,1.5504220360220322e-01,-1.1901987465659489e+00,3.5444230163937253e-02,1.0161528631032923e+00,-2.5394299236375475e+00,3.3348313965874574e+00,-3.1444312113621460e+00,-7.0412388458027735e+00,6.8715944669619144e+00,2.5960143805499687e+00,4.5156929681808933e-01,1.0577133181451315e+00
20260830,9.9999999999860933e-01,1.3906653606454711e-12,-4.4351747185242845e+00,-2.6586764057318657e+00,3.3020273556757127e+00,9.6098594555576655e-01,-2.6528022072259100e-01,1.1792002112948220e-01,6.6945693818227670e-01,-1.4602671515718910e-01,5.9613487837138834e-01,3.2526272951322244e-01,-6.5053654448683729e-01,-9.1131232155921382e-01,-8.2423898013406116e-01,-9.2642189028071731e-01,-1.9077500349782564e-01,-8.4321803655088035e-01,3.6583352510857510e+00,3.3944919358848713e+00,-2.8295498920434254e+00,-2.0886065534622529e+00,1.8876487134988349e+00,-1.8706752064826362e+00,1.7973216762222997e+00,7.0810298463929766e-01,-1.7142675378973788e+00,-1.6342961842024345e-01,1.1206568948608551e+00,2.5609320007287800e-01,8.2973458419976984e-03,-1.0863916414538379e+00,-9.6104128038467873e-01,-1.3592150332315638e+00,-4.6767723027824398e-01,-5.4406402296626555e-01,7.0201786022750068e-02,-1.9883111179399884e+00,-5.8690095722918711e-01,1.3672175944200471e+00,-2.2806016711667003e+00,9.2882613632994426e-01
20260831,9.9999999999900546e-01,9.9453778545921523e-13,2.5812086421438662e-01,2.8264090268028902e-01,2.0302229293337390e-01,1.0652097324210372e+00,-1.8826410442503978e+00,-2.5318131214070321e+00,-4.3003283722340024e-01,-8.5872593576739187e-01,-1.5313940316872983e+00,7.0760812974464715e-01,3.0026652669763179e+00,-1.9032416956921154e+00,-2.5037715032214714e-01,1.6205021492506924e+00,1.9652855780495646e+00,3.3838614065183954e+00,1.7667058496642281e+00,-7.8313998145202413e-01,-9.7350916981748004e-01,-3.0304930789942142e+00,1.2603522579701574e+00,2.7771425711659745e+00,1.5311517099177918e+00,-1.5635119671764625e-01,4.5600176439706741e-01,-7.9872972431305866e-01,1.1945055997241660e+00,-5.6568774993481485e-01,2.0440076855447803e-01,-1.3890574429245645e-01,1.9811104884487973e+00,-1.9286892506439002e+00,-2.7117005487521112e-01,-2.0850222284985720e+00,4.0504834403326240e-01,1.3385801806539261e+00,-2.0357789629591503e+00,-1.5342191515968828e-01,1.8545969427931830e+00,-2.7640669885748790e+00
20260832,9.9999999999936673e-01,6.3327121324618929e-13,-2.1744580007031539e-01,-1.7955827829768137e-01,3.2291819535862581e-01,-2.7849448833850725e+00,-8.6987965228111497e-01,3.1291076666900319e-01,-2.8057782965336409e+00,-4.7902269523295798e-01,-3.2263514814885585e+00,-2.3618425655878710e+00,-5.6644261166661047e-01,1.3358418455262777e+00,1.7379375297832191e+00,7.8231418384375107e-01,-1.4185527489721581e+00,-2.3229873297634986e+00,-1.7619402640155961e+00,5.8638189629828752e-01,-1.1980569891043026e-01,2.7905840770294867e+00,-3.7261846019679497e+00,2.8344241993281294e+00,2.1326158090096086e+00,-6.6937284967218069e-01,8.3610435402377212e-02,9.2431529854578842e-01,1.0303277440074357e-01,-1.2944600341165524e+00,-1.4864147642280432e+00,-1.0753907643469476e+00,9.4236898198531392e-03,9.9428733194639707e-01,-2.0404667930822273e+00,-5.6447097453052419e-01,1.4396290866623440e+00,3.1680233222753218e-01,-8.7840241876099368e-01,1.1554830077242817e-01,1.1416690435387138e+00,1.7408409932001878e-01
20260833,9.9999999999776934e-01,2.2306601010768645e-12,8.6117806593719148e-01,-7.6327459693027977e-01,1.6823514990253461e+00,1.2105294754829783e+00,-1.8280981122498023e+00,-4.2644718426435330e-01,4.3218539464291235e+00,1.5208023798970451e+00,-4.3497503943990639e+00,2.4891006476260902e-01,2.5464599496626943e+00,3.0028341819997856e-01,-2.3745510789771958e+00,-3.5486207825362198e-01,5.7119358375558471e-01,3.6152934669564896e-01,-6.8229092069749253e-01,-1.1431740318515037e-02,8.3591018816801876e-01,-1.0223296427241195e+00,-1.3320469771255932e+00,3.2982564332818027e+00,6.5619388509561005e-01,8.1213566790525327e-01,2.8453880290801714e-01,-2.9784358691454188e-01,1.5865846403424657e+00,1.9974929635670099e-01,1.0025472845841139e-01,-8.5450293724529058e-01,1.2010259883715717e-01,-1.0848527462967454e+00,4.0572697933901081e-01,2.2129311961564686e+00,3.4381837975191780e-02,3.6707283752268999e-01,-7.6249419199665680e-01,1.8583144431955976e+00,-1.6105141397912257e-01,3.9389196378795227e-01
20260834,9.9999999999949662e-01,5.0337511936504598e-13,-2.4310374481261463e+00,-2.4100296534108878e+00,-1.0809558851406309e+00,-1.1348414968007788e-01,-3.2569807896353792e-01,2.5445205193956943e-01,-1.2663150651905433e+00,-9.0659471417314619e-01,-6.8375388004046722e-01,1.3294746119228411e+00,2.0762082258859316e+00,2.1269147890461091e+00,-1.0433613267020936e+00,-3.8542601706456647e-01,7.6273317307978417e-01,-2.0747839237266352e+00,-2.3830896644539257e+00,-6.6667665470142168e-01,-3.4183612894034354e+00,-2.1350273521731493e+00,-1.8874979105585667e+00,4.1965634886520498e-01,-1.3710260080022703e+00,-1.6477593834442186e+00,5.6845203752980522e-01,9.5139190894094916e-01,9.2391366854394086e-01,8.3764798173745977e-02,2.4059481387271500e-01,-6.0241187867470247e-01,1.5813708302893670e+00,-1.0843921103415610e+00,-4.3013111113939476e-02,8.7550253352220897e-01,-9.8159557854404042e-02,4.4122708563409158e-01,-1.8450788983767643e+00,-1.9128651328808488e+00,3.8735744947632039e-01,-9.8899892687105240e-01
20260835,9.9999999999907718e-01,9.2281737806843012e-13,6.0715785339686157e-01,-1.4480845545946606e+00,-7.2715131131756972e-01,6.9006809677551175e-03,2.6715199825944436e+00,1.8571338250069320e+00,3.1107337661112539e-01,-9.0047959565056179e-02,-2.2321166437178688e+00,-2.0338707994356944e+00,1.9590133828848821e+00,2.2790088289794714e+00,-1.4345969429706020e+00,5.9043432350221414e-01,-7.6409510131870390e-02,-2.7921106782111202e+00,-1.9497908002512723e+00,9.3193906750347455e-01,-3.6386474554827941e-01,-5.5215896873620129e-01,9.2380218624756205e-02,4.9234945623760723e-01,5.7521953754319299e-01,-1.9101667766707702e+00,-2.9321130203509704e+00,7.0771257019382872e-01,3.4552715265517409e-01,4.5732171539553967e-01,5.3175750266901889e-01,6.3070745068735490e-01,-1.2820989054746710e+00,-7.9442871961622707e-01,1.2568294725748614e+00,-7.2029247484380710e-01,2.6463836559758408e-01,-1.3994949747392271e+00,-2.0328855590698245e+00,3.3145116549492087e-01,7.8224634909501867e-01,-7.8091438914510403e-01
20260836,9.9999999999918876e-01,8.1123996409360188e-13,3.6950131070459754e-03,2.5345727592025695e+00,-5.0380902728259222e-02,-2.0439214189001986e+00,-2.6834739809821029e+00,-3.6031468844132473e+00,-2.4202125742913045e+00,3.7757715442631836e+00,1.6799753103529098e+00,1.6801821138360038e+00,2.7295318526076079e-01,1.6355101407880073e+00,-1.6793204087329001e+00,-2.2585808813698685e+00,6.6449691581046466e-01,-1.3157548117730375e+00,-5.2768152442230976e-01,3.4302133426169568e-01,1.5021050603600181e+00,5.2938074206848329e-01,-9.6560333927245730e-03,2.7331579132893284e+00,-1.9962973150609392e-01,-1.5665748401603599e-01,1.6972642272120799e+00,-2.6259084331816790e-01,-1.0126351006204770e+00,-6.8695463062049911e-01,1.6238972465694207e-01,3.0723051048598733e+00,-1.1126473161646513e+00,4.0899643439097366e-01,4.9173962037832220e-01,4.0981191252809956e-01,3.0960702078787516e+00,1.5459834275191180e+00,-1.4583542379721635e+00,3.6670551836108611e+00,1.7384097581872808e+00,-1.7242822261441544e+00
20260837,9.9999999999925204e-01,7.4795725168996796e-13,-2.7636334506235967e+00,8.8908544272755101e+00,1.8975774256828255e+00,-1.6659743808382941e+00,1.0608912140104403e+00,-7.0709452525483177e-02,-9.2928569687038790e-02,-1.1143257836965390e+00,1.0492984162274968e-01,-6.0857472796477974e-01,-6.6693767992797859e-01,5.0149499814198784e-01,-9.5569744771385601e-01,-1.1670231378024993e+00,1.8946587674507436e+00,-9.5976874110862276e-01,9.8620261134035836e-01,5.6229778998116897e+00,1.4408272690939619e+00,-4.1510459753762605e+00,-1.2475165050823427e+00,-2.5076025870664083e+00,-1.4547856891093132e+00,1.0831004067072936e+00,-3.6883080639682725e-01,8.7372552489522981e-01,-2.2068683121126620e+00,2.2880250551581263e+00,-5.8364490607666086e-01,-1.0829311437186298e-01,-4.2664732713649967e-01,-6.0363946407232483e-01,-3.4929932778048112e-01,1.5492157523834316e+00,4.2635424573137195e+00,4.2512398663602173e+00,-1.7439215840711486e+00,-2.4146340414678482e+00,-2.5150687840806385e-01,-7.8019181862447740e-01
20260838,9.9999999999952205e-01,4.7795101210112989e-13,-9.5294800360842924e-01,2.5682666186247856e+00,6.9529539911034322e-01,1.3600147602357238e+00,-2.9338911512492061e-01,-1.4317654831778854e+00,-1.1529198936906830e+00,-2.9188123868435993e+00,6.5387939660984107e-01,2.9720007873529175e-01,-2.3333506192252506e-02,-8.7414054382377693e-01,5.3767872428801400e-01,4.3525776732548875e+00,-1.6605777059721452e+00,-6.2822550055902315e+00,3.1598049013984673e+00,3.4008852468396618e+00,-2.1995243784018785e+00,1.0553603483652392e+00,4.9593728903660816e-01,2.2830807015049941e+00,1.5802266307983295e+00,2.5269280180003861e-01,3.5753855150373459e-01,2.1928379688393407e-01,1.1092455510414188e+00,-1.2941808953234812e+00,8.8119291447354064e-01,5.8986554905995525e-01,5.7496669113322789e-02,1.1407529955325613e+00,2.9444348747830840e-01,-2.0596351741446970e+00,-3.4229971216576294e+00,1.2946674765322470e+00,2.3941661962611334e+00,2.5342087092787842e+00,8.4866464001827180e-01,8.2017089475999949e-02
20260839,9.9999999999955036e-01,4.4964032497318840e-13,1.1783818707330698e+00,1.1260118869224871e+00,1.4274103567363410e+00,2.9407390383338960e-01,-8.0252124747593256e-01,-4.8884228947548275e-01,-3.9525326178441195e-01,1.4718555189824314e-01,-1.2787020817721734e-01,1.9364009020636148e+00,7.1443428018645472e-01,-2.0285162756036876e+00,-2.1078200784070082e+00,-3.6773909747813374e-02,4.1215533497138590e-01,1.2132330713294521e+00,4.8281657943511164e-01,1.0430304965536723e+00,-2.1726315559541569e+00,-1.8065687571239419e+00,1.0815703406994681e+00,2.5197777576729004e+00,3.2032917794606894e+00,-9.2758489711666081e-01,3.8147761968537575e-01,2.4119592280116890e+00,8.8291510529518868e-01,-1.9505482754153761e-02,-1.1288405602822529e+00,2.2103372198395763e-01,-2.5902405869605055e-01,-1.2611415475800409e+00,-8.8718040989771763e-01,-8.3568041474044577e-02,1.9171773441622058e+00,8.3720681613392869e-02,9.2815289957178559e-01,-7.6649753126274511e-01,2.7727548809337770e+00,-9.0473060736731323e-02
20260840,9.9999999999983202e-01,1.6797674362578618e-13,-2.7724333960366234e+00,3.0154114355283768e+00,-8.1737639728622813e-01,-4.7486375063494499e+00,5.0066704539863149e+00,9.0302000548101868e-01,-1.7879872610769070e+00,-1.1461046089300553e+00,1.9149531833391578e+00,1.3288882625466212e+00,-3.7981471178428703e+00,5.0623079338840105e-01,3.8753076314722812e-01,1.7858334590439096e+00,-1.6462852796934067e+00,-4.1032770630412624e-01,2.6643148809285435e+00,-1.8696510820508843e+00,-8.9933597534529564e-01,1.7315536328314735e-01,2.0535817383136772e+00,-8.9834316682923321e-01,1.6008168578291699e+00,3.3511563195388544e-01,2.7829639836488314e+00,-4.5371474118224109e+00,-3.7025154222765311e-02,1.2466117662819989e+00,1.3291673414931373e+00,-9.2718186354734833e-01,-6.9891516888378391e-01,1.2512242356443894e+00,-2.2372743645795965e+00,1.2484744335172999e+00,-7.6312041951263476e-01,4.0339883102846624e-01,-4.7061381296067728e-01,1.1755352334117779e+00,3.8313528842748168e+00,1.0766093068145395e+00
20260841,9.9999999999952505e-01,4.7495340993464197e-13,-2.8265015437462688e+00,-2.0709244236892883e+00,-7.8332265365241827e-01,-1.4025749190746308e+00,1.2462703685950216e+00,7.2067290349680846e-01,-4.1145996504422583e-01,1.5176520996066052e+00,-3.5786620548145331e-01,-5.5693433122318381e-01,2.6697577198905420e+00,1.9962405800070164e+00,-2.7118621329687836e-01,-1.1426253278670471e+00,-5.1995353166879499e-01,-2.9780036776333847e+00,-1.5949073324121318e-01,1.2172444253027372e+00,1.2924436949567870e+00,1.6960022350206727e+00,-6.0648703567145634e-01,1.4869193432086851e+00,4.1033198636843765e-01,-1.3860186024602688e+00,-4.6167495455687335e-01,2.3998829328985587e+00,8.6825849643796238e-01,-1.3462971919418720e+00,-3.6251493884847726e-02,-1.0206058300341212e+00,1.4491846255114360e-01,4.3823909584162402e-01,-1.4044998184661845e+00,1.7728391138765929e+00,9.9624685651027711e-01,-1.7729923351936827e+00,-5.0560336206280998e-01,-1.1931337999013059e+00,2.5768468339414556e+00,1.8310510455690635e-01
20260842,9.9999999999845379e-01,1.5462076063954555e-12,-4.9678415645057292e+00,-4.5112813204531994e+00,5.6179562488518702e+00,-1.8474633073676718e+00,1.6941095452124912e+00,8.2265630872037906e-02,-7.9287888162449360e-01,4.9074922917652669e-01,-2.5899411166977482e-01,-3.1139856939030108e-01,4.3220231499231249e-01,-4.8698679151921408e-02,-1.3014993618106904e-01,1.4423142533242095e-01,-2.3738911547385491e-01,1.3656147403551264e+00,-3.8075092903695884e+00,8.9647060853061173e+00,1.3634448646116470e+00,-2.0358425117016772e+00,2.0444514102669831e+00,-2.2976627077751273e+00,1.1948693930162388e+00,2.4961215567006416e+00,-5.5893752227842231e-01,-2.0508441009634697e+00,1.0487641102238876e+00,-1.0559124786414538e+00,5.0760656864810128e-02,-2.1504377287328991e-01,-8.2329959259722829e-01,-2.9490571039001989e-01,1.6637009090229233e+00,2.3782619253046788e-01,-4.5628485819213632e-01,1.0309609355131444e+00,-3.6323678905369622e-01,-3.8091291392842481e+00,-1.1468778309246437e+00,-1.2433918567395268e+00
20260843,9.9999999999944089e-01,5.5910831520122883e-13,5.6216707776989017e-01,-2.1052574633191967e+00,9.8409964211872563e+00,-1.3130872365281224e-01,-1.1053325923438972e-01,1.1176677358525702e+00,-1.6080718956610171e-01,-8.8415511681503509e-02,2.2769022432481797e-01,-1.7412921835202230e-01,-2.4857823247784608e-01,3.1722235150114275e-01,2.2596119054707292e-01,-5.8947897389180415e-01,3.3890476092135735e-01,-9.8530967168586808e-02,-2.1022000823334506e+00,4.5429890552309997e+00,-3.6954307475904296e+00,-6.2136358966168599e+00,-1.1693682105179402e+00,-2.1169561141158533e+00,-9.6457404616364095e-01,-2.1436374225463837e+00,1.4729136372923695e+00,-6.4494707849423560e-01,-1.2501692187928739e+00,1.0202168268583696e+00,-2.9446147482077240e-01,-1.0082448809575564e+00,-1.0590291504100946e+00,5.0732821603206335e-01,-1.1155284499174720e+00,1.2910391192813955e-01,-1.9305145118628997e+00,-1.9562308305894667e+00,2.3423177451763761e+00,8.6360744257944799e-01,-1.3612886877317054e+00,2.7841257708487452e+00
20260844,9.9999999999832356e-01,1.6764367671839864e-12,3.2250915780893530e-01,-1.7695003619129650e+00,-7.5215720487054594e-01,6.0360612411626324e-01,3.6516746730485228e-01,-1.3136564340870194e+00,-8.0697248955113365e-01,1.5806617636019191e+00,9.6169118944048160e-01,-3.3027336918337222e+00,3.2529069881768052e-01,-4.9758907071036579e-01,1.4929235746575464e+00,-3.5295938491985185e-01,-2.3721699516957870e+00,5.9496187889897856e-01,2.8271243310832799e+00,-2.1388245796327481e+00,-1.4209493646196885e+00,1.5406650399403783e+00,-6.5972707307927558e-01,1.6695789190842591e+00,1.1687574953226796e+00,-3.3201332945828088e-01,-1.7362523542018118e-01,-1.9146035909383925e+00,2.2532826396578995e+00,-6.5080822997108778e-01,-2.0921596575381449e+00,8.0602427023102996e-01,3.6529304265885215e-01,-1.3069131646571222e+00,1.1378650476409848e+00,-1.9259058998684690e-02,-9.8087068470585931e-02,-2.4249213443332991e+00,9.2899139096198036e-01,1.4739077221795014e+00,2.4519802012365863e-01,3.0415713777173552e-02
20260845,9.9999999999986577e-01,1.3422596367718143e-13,-2.8793229781089154e+00,9.9257011300809184e-01,6.0032270024933840e+00,9.8450982258698916e-01,-1.1422936727291599e+00,1.5999650917442665e+00,-1.8462739811552140e-01,-2.2692594568814758e-01,3.8481320376679773e-01,-3.7528582236732067e-01,4.1168535485896018e-01,2.9569929108591776e-02,1.1534807276616683e+00,-8.7967335296107352e-01,1.0021870190650046e+00,-7.9755922168632976e-02,1.1310001335399815e+00,3.0131828331259070e+00,-3.8737314572043666e+00,-3.9153163154232713e+00,-9.2636973928210742e-01,-9.5944080645517049e-01,-6.7481491910573599e-01,-2.1198969190522527e+00,9.9879842742459402e-01,1.2828636651458381e+00,2.4605517474100145e+00,-7.7646839578213811e-01,1.3741329618719431e+00,1.6583953806530408e-01,1.7902900788263157e-01,-3.1012949904324166e-01,1.1769068523824420e+00,1.9577328931108184e+00,-1.0723983154020746e+00,-3.7360057373851163e-01,2.7298923590859259e+00,1.7806491622232306e+00,-2.1939677681845628e+00,1.1900440338940388e+00
20260846,9.9999999999987566e-01,1.2434497875801753e-13,-1.6936932866158207e+00,-1.7254183026648084e+00,-1.9950204151965598e+00,7.6168576699178625e-01,-5.2660392031078274e-01,4.1768452753346814e+00,1.4268847968381948e+00,-8.0862907006845952e-01,-3.5388646168196609e+00,-1.4607861610237238e-01,-2.1553550119710829e+00,6.7894959610015126e-01,3.0174498131693999e+00,-1.7332603848303534e+00,-5.1077442534494186e-02,2.4103618244059538e-01,-3.9895730232085574e-01,-2.4079373625567607e-01,1.1637940149178032e+00,-4.4844576466510078e-02,-2.8536647560263413e+00,2.5062682422929798e+00,1.6539492269759462e+00,-2.6864236066431486e+00,6.0331640911626783e-01,2.3285710155357298e+00,4.4386469111053928e-01,-1.0299633205712562e+00,2.5028506495657945e+00,6.3752678556709008e-01,1.2255356857224498e+00,-1.1522939601930751e+00,1.1773196270621922e+00,-2.7018750094593680e-01,2.4882370342435772e-01,-2.4229792500478418e+00,-1.5832521407353874e+00,-8.6423889331754211e-01,4.8284388261683014e-01,1.8089723701881577e-01
20260847,9.9999999999922495e-01,7.7504669349082178e-13,-4.8825833189554013e-01,6.0367745505497949e-01,1.2661857575386254e-01,-5.6424119554398067e-01,1.4561754921987171e+00,6.1249633589850949e-01,-2.1980677982841961e+00,-1.7055408127536278e+00,1.6401348969079297e+00,4.9362925124283326e+00,-2.7784311858734911e+00,-4.1932893486448917e+00,1.4170805362783476e+00,2.4789585722673295e+00,-8.5525695118301590e-02,1.4614679355123053e-01,-2.3606188739390069e-01,9.1502872795635259e-01,-5.8753899910839502e-01,5.6282005600592944e-01,1.0389709349199774e+00,1.7491441260176268e+00,1.5043687166120221e+00,-8.6284184610492121e-01,-1.6013451599215680e+00,-1.1464905107351815e-01,7.2753661254207203e-01,-2.5928725522790036e-01,-2.5369357015347874e-02,6.5314502278037834e-01,-4.6635374650346517e-01,-1.1883326001413466e+00,4.2583356595335792e-01,2.1208448837509479e+00,2.3731182927708887e+00,-2.0952860177958763e-01,9.4680950376496198e-01,7.9992901077708678e-01,9.4556657865257465e-01,4.3179048566604039e-01
20260848,9.9999999999954758e-01,4.5241588253475129e-13,-2.1256169318888425e+00,-1.1593333623877056e+00,-1.1664397048836757e+00,1.1391105473846297e+00,1.5890677522444940e-01,3.3136503549475771e-01,2.1588954888625662e+00,-7.5054059182571331e-01,-3.9547045847367648e+00,-2.0650635710649552e+00,9.7972451664863192e-01,-1.5595054470229215e+00,2.7569189856776695e+00,2.2859160687206690e+00,2.5060659159874126e+00,-6.6044654145042558e-01,5.1420850204444257e-01,1.8036922186522519e+00,-1.6003962554617459e+00,2.2068620727166017e+00,-7.0422993815199297e-01,1.7117222513205643e+00,5.4789728755469769e-01,-1.0876771232331441e+00,-3.7981165005829903e-01,9.8066197915687903e-01,2.3578120646695477e-01,-1.0329139362505895e+00,-1.5957737802085279e+00,-9.9901601789288541e-01,-6.7234400576159248e-01,4.2121580479003501e-01,-1.9218349182226235e+00,-1.6605632298946293e+00,-1.0107985682007765e+00,-1.0938265173772934e+00,-1.4466048889548611e+00,1.3012687845536473e+00,3.4422035627778671e+00,1.4161147020410059e-01
20260849,9.9999999999877864e-01,1.2213563493901347e-12,-8.4167131728011754e-02,8.9441926336986410e-01,-9.3227332152536602e-01,-3.8191623106354666e+00,-9.8632253188644849e-03,7.8192423240128965e+00,-1.1603379600968649e+00,-3.1269637579011378e+00,4.7253909252661543e+00,1.8615489647365029e+00,-8.1690723073937577e-01,1.3760225225376821e+00,2.7888735487486733e+00,-2.7089075223350552e+00,-4.7873893688977154e-01,2.1899387410343545e+00,4.9121532701289544e-01,-1.4785954494907325e+00,2.7231947875386879e+00,-9.8768673901929904e-01,-5.2362672905135554e-01,3.5219635623828314e+00,-4.6008054442796903e-01,-2.5767801309866649e+00,-5.3111138422425430e+00,3.1534671491167394e+00,5.8764863638272429e+00,-3.6307107674799405e-01,-9.1245297640187795e-01,2.5679596690501416e-01,2.9775017972220091e-01,1.0896463107232883e+00,8.7724053690139503e-01,7.3774402707570519e-01,2.2928023741470165e+00,2.6710088709168138e+00,3.2423927222682847e-01,1.8224976471164234e+00,4.6728829979789186e+00,1.2204459656152484e+00
20260850,9.9999999999634137e-01,3.6586289553497409e-12,-1.6898530771595446e+00,-2.0681046959018432e+00,-1.0729689347112454e+00,-9.4182449777932087e-01,-1.7531114490756522e-01,-1.1110105071957992e+00,-2.0911857547817070e-01,1.2537143398410668e+00,-6.4971944792900360e-01,2.1713863023403026e+00,3.2786735707425221e+00,1.5888855514406733e-02,7.2185163928417795e-01,-3.3068224725769659e+00,1.0619982905146319e+00,2.1669458492172303e-01,-1.1913514709669453e+00,2.8498028510864040e+00,2.3909469314001228e+00,1.4941453684277159e+00,7.3195690366124155e-01,6.7221501049377608e-01,-2.3828288874373857e-01,-9.1476031514921063e-01,-3.4775720116902137e-01,6.3151404555803381e-01,6.4971097252044707e-01,-1.1390001429417640e+00,-2.2889967222010305e-01,-7.3983578656347448e-01,7.7632541315005310e-01,1.5588726693001660e+00,-1.9472166680876437e+00,-3.2367237983097336e-01,1.5457762724936812e+00,-1.6702492991716023e+00,-2.6019396359501625e+00,4.5902346643505110e-01,4.0064966155257933e+00,7.6396115459303870e-01
