controller,seed,fid,err,M_H0,r0_H0,rfs_H0,KM_H0,KMtv_H0,M_X1,r0_X1,rfs_X1,KM_X1,KMtv_X1,M_X2,r0_X2,rfs_X2,KM_X2,KMtv_X2,inradius_l2,inradius_linf,M_gamma,r0_gamma,gamma_star
1,20260801,0.999999999998005,1.9949597529489438e-12,0.006587818722390479,0.0017623154643057171,0.003523885991450959,0.00448314256699176,0.002840322051288065,0.019822661581332966,0.0035347178452580235,0.0070679415524187205,0.012129101505959219,0.006433789644003782,0.03889507274939734,0.005463287307596111,0.010924265263764398,0.019068359308726225,0.009614455901296275,0.00151528476104288,0.0009676951519971911,0.00025017467102000907,0.00024987499576873345,0.0002501748889061912
2,20260802,0.9999999999951757,4.824252108903693e-12,0.008187059583526599,0.0017623154593196114,0.0035237986311285182,0.005693571608906872,0.0028402545811925107,0.018395484444740873,0.0032819308809371142,0.006562311806632814,0.010479167202152596,0.005849917347675729,0.027797810639397513,0.004106463753980034,0.008210988151145418,0.016206360955981235,0.007475900667168041,0.001452290177912436,0.0008963364465128319,0.0002501712736072557,0.00024987499506134097,0.0002501714752660366
3,20260803,0.9999999999975566,2.4433788325950445e-12,0.007817250383969809,0.0017623154635154612,0.0035238691987639244,0.004998895450383287,0.0028403090819762804,0.03325459195982877,0.004774300598353627,0.00954653759356911,0.01740486698109199,0.008555620792339845,0.04156054381632156,0.004572001536376581,0.009142026909643256,0.02272531091848544,0.00835441834927384,0.0015547499603893117,0.0010044066867082118,0.00025017254919696536,0.00024987499565665643,0.00025017275692638095
4,20260804,0.9999999999992089,7.911449273478866e-13,0.006001410911673356,0.0017623154664272187,0.003523944266073208,0.004441343430796698,0.00284036705784848,0.022935046496833696,0.0032503913809604876,0.006499516282774751,0.010795774242665968,0.005681596272548279,0.038208338222995714,0.005300174111882628,0.010598283069389269,0.015346880906477702,0.008604933693047717,0.0014870285626353379,0.0009400584845517223,0.00025018099320459487,0.0002498749960697149,0.0002501812417934736
5,20260805,0.9999999999992322,7.678302438307583e-13,0.008164538607317383,0.0017623154664683064,0.0035239457374100776,0.006400522790343722,0.0028403681941881445,0.02211638917003141,0.0038106967948414424,0.007619911975042098,0.01338472262606003,0.006886108814092728,0.03999688477723144,0.006150976214572764,0.012299560904207888,0.018586598213905712,0.010444761218926554,0.0015480589353746032,0.0010076274216923313,0.0002501744452224715,0.0002498749960755436,0.0002501746620251756
6,20260806,0.9999999999994471,5.52891066263328e-13,0.005877152552564,0.001762315466847097,0.0035239605234661875,0.0043734053347755444,0.002840379613720355,0.02317436620544156,0.003690182790669468,0.007378961782568161,0.010174033675559524,0.0061183021835347325,0.031368899670487754,0.005341142205713346,0.010680252563876518,0.019288077908808262,0.009574873734647351,0.0015241502444441227,0.0009749910376262994,0.00025018348091507237,0.000249874996129209,0.00025018349034241865
7,20260807,0.9999999999986708,1.3291590050812374e-12,0.005825517354543187,0.001762315465479068,0.0035239149120601305,0.004759980350580399,0.0028403443872130245,0.022715043047812425,0.004276214369173296,0.00855069133641134,0.009683741758269686,0.006613424120683801,0.03899409926897172,0.005319946786855732,0.010637732109143748,0.020512679511875288,0.009615362217823742,0.0015579370245473764,0.001010857823740536,0.0002501898985957845,0.0002498749959351281,0.00025018994007532916
8,20260808,0.9999999999988269,1.1730616478189404e-12,0.005705959052832181,0.001762315465754161,0.003523922691250072,0.004480697591040612,0.0028403503952236964,0.02080776059337419,0.0041186269450261695,0.008235598694108217,0.01004765203428804,0.006925234650776617,0.03537211450389391,0.004830577315732139,0.009659213316533969,0.01715063862997025,0.0084260844849807,0.0015361193527101457,0.0009830432374010331,0.000250181233158878,0.00024987499597416634,0.0002501814829255069
9,20260809,0.9999999999991844,8.1556983388964e-13,0.008763272116039672,0.001762315466384174,0.00352394274774341,0.006554942231639099,0.002840365885215299,0.0224968880043084,0.003526682213335699,0.0070519872555954875,0.012953589177001134,0.006330971559327819,0.04004620304125117,0.004803977084818241,0.009606078214307838,0.018053225690567828,0.008497753717411169,0.00149785909360208,0.0009441544163362218,0.0002501689260420469,0.00024987499606356705,0.00025016911658786665
10,20260810,0.9999999999987267,1.273314786942592e-12,0.00866739928752079,0.0017623154655774832,0.0035239176397819853,0.0062741051236006795,0.0028403464938827,0.017939510952416825,0.004607864876682562,0.009213864735251969,0.011492718286970113,0.007706996750389768,0.042044568032119645,0.006824541894621257,0.01364632157841644,0.020513604075304087,0.011693352529627053,0.0016001502579426113,0.0010741305486046905,0.00025018328589288024,0.0002498749959490753,0.00025018329435567554
11,20260811,0.9999999999987572,1.2427836537654002e-12,0.00726047214824209,0.0017623154656312887,0.003523919156403293,0.0047475804683872885,0.0028403476651970793,0.02085616291557872,0.0043046285618280914,0.008607518543675117,0.01263316193405174,0.007599384539225788,0.04379169526220099,0.004711646612541168,0.00942139025613606,0.02051223070556694,0.00847589059418128,0.001541207718543757,0.0009881584973595809,0.00025017383661921967,0.00024987499595679135,0.00025017405050330123
12,20260812,0.9999999999984899,1.510125358095138e-12,0.006570055778372351,0.0017623154651601482,0.003523906445552424,0.00456032619132702,0.0028403378483730594,0.02451305417483636,0.00400243669409202,0.008003227993544679,0.012952673882669595,0.0070600963949382575,0.0387922813304226,0.004410976904411396,0.00882014046402621,0.018345055726492487,0.00792009167585576,0.001514798814138886,0.0009578633552974016,0.0002501673502950364,0.0002498749958899004,0.00025016753343710144
13,20260813,0.9999999999992196,7.803757640090225e-13,0.006714769732637177,0.0017623154664461972,0.0035239449429576184,0.004429559759476266,0.0028403675806183445,0.044247723370757594,0.005195849960462789,0.01038967741085667,0.018761008890049634,0.008987901294060258,0.03137720985095621,0.004173659409184869,0.008345694200984036,0.01634781434897726,0.007398476221876381,0.0015496310489717514,0.0010005057731820954,0.000250172750168493,0.0002498749960723933,0.0002501729588543874
14,20260814,0.9999999999983383,1.6616708009564718e-12,0.006046364709317006,0.0017623154648930774,0.003523899738922674,0.004453946772364416,0.0028403326687184475,0.02320421920873929,0.003368608834789095,0.006735820021965317,0.011230634174147274,0.006014512275423948,0.03279630902286723,0.003514980074609157,0.0070285017716649936,0.015234158424110087,0.006222103459783725,0.0014270489513345897,0.0008704808252449166,0.0002501805980222146,0.0002498749958520557,0.00025018084467344276
15,20260815,0.9999999999990475,9.524603328259218e-13,0.006607812422923672,0.00176231546614293,0.003523934629824887,0.00470008116663549,0.0028403596156012087,0.018489469137512957,0.004313562176017054,0.008625420035175734,0.010961269674562438,0.007226803213107596,0.040724543621225615,0.005372659193070936,0.010743195613068619,0.019436926480236358,0.00950040087560923,0.0015610333569437917,0.0010148267964545168,0.00025017441945504604,0.00024987499602931667,0.0002501746361328125
16,20260816,0.9999999999997581,2.419175970658216e-13,0.006999904896331405,0.0017623154673951304,0.003523988572285633,0.004826504690923334,0.0028404012763082118,0.025890368875664413,0.003602781601444033,0.00720424999202659,0.015381890706732132,0.00666051270734122,0.03666223635508303,0.005479776591861459,0.010957555809767192,0.01813483076981277,0.009585127008789244,0.0015208769029741605,0.0009732475637625707,0.00025016888588712944,0.00024987499620696623,0.000250169076244526
17,20260817,0.9999999999995312,4.688471832992036e-13,0.006025186251018409,0.001762315466995209,0.0035239670803060086,0.004641944879056927,0.002840384677682409,0.020044279995806616,0.0028862768815372426,0.005771466519855029,0.009644286311215323,0.005117636625127224,0.01707642594401975,0.0023575149658331867,0.004714141869894558,0.00901394828883526,0.004196080760750718,0.0012680117510813428,0.0007473406636665648,0.0002501762631878197,0.00024987499615027547,0.0002501764887444215
18,20260818,0.9999999999996436,3.5638159090467525e-13,0.006263987797893559,0.0017623154671934087,0.0035239768580334935,0.0050773857768365675,0.0028403922291906814,0.01844710683657355,0.002982632234597525,0.005964157477143043,0.008098430774047264,0.004857957966050781,0.023108629387998583,0.0033022809231825884,0.006603336217977925,0.012519123850752083,0.0057788544700665264,0.001378697699398568,0.0008295102483738883,0.0002501797555537515,0.0002498749961783641,0.00025017999807981043
19,20260819,0.9999999999987491,1.2508882818451639e-12,0.00606793841924801,0.0017623154656170056,0.003523918752009897,0.004826134691000604,0.002840347352876644,0.02395396943408553,0.003632851943718436,0.007264235795186035,0.009937841865037123,0.005902261598715878,0.035388384089335895,0.004470198860453888,0.008938591243680407,0.018539949487933437,0.008078514102886953,0.0014943736421435992,0.0009377301950722988,0.00025018742798298095,0.00024987499595473744,0.00025018745704366704
20,20260820,0.9999999999996767,3.232969447708456e-13,0.00584265713494907,0.0017623154672517143,0.003523980020992114,0.004342769361010699,0.0028403946719981026,0.025387807878914048,0.003611275177574577,0.00722121652596259,0.011671998791969267,0.006173264756372866,0.037421625449255674,0.005507947122603091,0.011013859877768383,0.018067216320060638,0.009339041991693444,0.0015221127474551951,0.0009747523177544582,0.0002501885701303809,0.00024987499618663527,0.0002501886049191944
21,20260821,0.9999999999997856,2.1438406605511773e-13,0.007677963356147618,0.0017623154674436532,0.0035239917853828284,0.005400118554047556,0.0028404037578377847,0.019885073734394257,0.0038740547509853607,0.007746704475333804,0.012232777783254031,0.006947141758837172,0.03860071006604483,0.004708003051121717,0.009414298622582277,0.018345549553627674,0.008417146823766337,0.001518417408899946,0.0009634217105992308,0.00025016708164011267,0.0002498749962139051,0.00025016726352262666
22,20260822,0.9999999999995112,4.888311977424564e-13,0.00585415447332035,0.0017623154669599908,0.003523965471192853,0.004682542013624186,0.0028403834349362772,0.02246619313569919,0.00335338084291965,0.006705495425625016,0.011116888522126563,0.005930442030072156,0.03374138597979546,0.00505567477353836,0.010109440488689985,0.020540226474413403,0.009300059405426806,0.0014906559982761495,0.0009403451251088432,0.00025017965941343705,0.00024987499614515456,0.00025017990147044897
23,20260823,0.9999999999995565,4.4353409833775004e-13,0.007850702845318941,0.0017623154670398185,0.0035239691685860688,0.005612178324761481,0.0028403862904973535,0.0282768385844151,0.0031704423670140653,0.006339694204070767,0.01581693436641194,0.005897343914917684,0.04029924138873402,0.007529307037510412,0.01505578675171743,0.018836285864888676,0.012212059156558342,0.0015090870297447183,0.0009845785054901654,0.00025017603940357845,0.00024987499615652047,0.00025017626387873794
24,20260824,0.9999999999961302,3.869793374633446e-12,0.00784641206095547,0.0017623154610016689,0.0035238241753994316,0.0054351163582588785,0.002840274309549727,0.028583855850451118,0.003938860882598326,0.007875918647247222,0.015347672120207276,0.007133411619210333,0.03844485765160781,0.005243853516397673,0.010485306519885287,0.016562076225317964,0.008834763346717005,0.0015379076058465535,0.0009881273926954336,0.00025017318668437804,0.00024987499529995565,0.00025017339745937283
25,20260825,0.9999999999982389,1.7611467839628858e-12,0.008938226594901148,0.0017623154647177692,0.003523895501885451,0.006526475403795649,0.0028403293963754845,0.021714561150657286,0.004377684884292479,0.008753542927628295,0.010470519682442869,0.00682257371264051,0.03238829980460628,0.0043145820501593515,0.008627363592651191,0.013625073663293833,0.0071794182519896894,0.0015287553846120908,0.0009731046521615074,0.00025017330146230707,0.00024987499582708954,0.00025017351278210846
26,20260826,0.9999999999959198,4.080180637799913e-12,0.005680523614366606,0.0017623154606309002,0.003523818295570798,0.004651060204866917,0.0028402697684402124,0.022759328306978716,0.004184349805925658,0.008366770155843927,0.010154635980687271,0.006686804960296207,0.041480935273963196,0.004762421755048998,0.009522647497887931,0.020645729555752973,0.008663976810774087,0.0015372114742316855,0.0009838663069803276,0.0002501906739922646,0.00024987499524735884,0.0002501907193916641
27,20260827,0.9999999999956231,4.376943252282217e-12,0.005728056782809653,0.0017623154601079107,0.003523810253743023,0.0043837327665134,0.0028402635575743075,0.020664479634395588,0.003790378419797809,0.007578991754649842,0.009158013323854278,0.006197404459226698,0.040555870757210705,0.004740734954622939,0.009479262266901616,0.019748727520088376,0.008545536966683615,0.0015143145247865305,0.0009595096918014161,0.00025018431556576165,0.00024987499517312655,0.0002501843291277926
28,20260828,0.9999999999993718,6.281641873329136e-13,0.005868123931337959,0.001762315466714442,0.0035239550631761085,0.004817923704221378,0.002840375396642402,0.02297921479943781,0.0035791981404351253,0.00715702361315122,0.0086162084974247,0.005457079249422433,0.04183784098809895,0.006268572503600358,0.0125347409304264,0.022928512219798514,0.011243250898793026,0.0015330440613090573,0.000993686673812974,0.0002501935839887851,0.0002498749961103907,0.00025019364417284675
29,20260829,0.9999999999992434,7.566169912820442e-13,0.011226989570246908,0.0017623154664880678,0.003523946453006882,0.00773774112624206,0.00284036874685624,0.015256723241827894,0.002493536155763494,0.004986103826835294,0.009727353646372037,0.004449377138132838,0.02817913897793934,0.002833551504369226,0.005666002462733229,0.010378760907731894,0.004801074919646294,0.0012831466627711806,0.0007567810259973387,0.00025018016136252764,0.0002498749960782775,0.000250180405871287
30,20260830,0.9999999999986108,1.3892220707134584e-12,0.0058329977911326,0.001762315465373218,0.0035239120414852286,0.0046160967468228615,0.0028403421702152304,0.022190657492394437,0.0037534314729785415,0.007505331834398672,0.0109668742647921,0.006578389754751766,0.03873602016435349,0.0052833027041803,0.010564450226923244,0.021405441345883666,0.009662438617935283,0.0015271372927248884,0.000977389351903384,0.00025018659312513734,0.000249874995920154,0.00025018661801212586
31,20260831,0.9999999999990054,9.946488077616777e-13,0.006449722853022531,0.0017623154660685806,0.0035239322474274167,0.00446553007547241,0.0028403577756327745,0.025487065489926363,0.003933431767157287,0.007865304092384087,0.014959911622704046,0.00711482666026971,0.0405392483590718,0.004678996536408046,0.00935613804549557,0.020097855117604573,0.008487268182774971,0.0015209360977559044,0.0009658221971896892,0.00025017211285201333,0.00024987499601870016,0.0002501723184984826
32,20260832,0.9999999999993675,6.324940571289517e-13,0.006098279577408244,0.0017623154667068114,0.0035239547593207896,0.004106399513826696,0.002840375161969639,0.019965815241431557,0.004144444030168106,0.008287297899133331,0.012746740256292624,0.007492433142774114,0.03640339225854173,0.005082179711113727,0.010162409465865671,0.01605898527687738,0.008702874358414308,0.0015450230348690677,0.0009945418051976508,0.0002501687019202556,0.0002498749961093221,0.0002501688914113164
33,20260833,0.9999999999977719,2.2281065881202267e-12,0.008069004346112296,0.0017623154638948388,0.003523877048697172,0.006361981323608935,0.002840315144629824,0.018976176390259718,0.0042563446615841195,0.008510868554232935,0.011820278836772282,0.007320458720124807,0.04042622458386554,0.006647556567682152,0.01329226945952119,0.01844193667836073,0.011028414899758598,0.0015815129837128774,0.00104952730831452,0.0002501809575904847,0.00024987499571037735,0.0002501812060052613
34,20260834,0.9999999999994978,5.021538740379583e-13,0.006049122972141789,0.001762315466936512,0.003523964416665663,0.004253414751545098,0.0028403826205064503,0.027166398999276628,0.004011976889160786,0.008022436427040074,0.013786067464720471,0.0072305303726066155,0.03865617097688279,0.006228620612983405,0.012454885528082651,0.022004652643273778,0.011404492879837762,0.0015619542974109157,0.0010232920018783851,0.00025017418131396886,0.0002498749961418794,0.00025017439684886294
35,20260835,0.9999999999990785,9.2148511043888e-13,0.007887093830137382,0.001762315466197518,0.0035239364127817893,0.005464880918170234,0.002840360992610889,0.025798684630942544,0.004488626291085755,0.008975483637249057,0.015896265394741843,0.00817501379380069,0.03927301194857262,0.0061041533648785624,0.012205901113784567,0.01928191726192436,0.010564986456692668,0.0015842031722709683,0.00104817024677818,0.00025017176502742817,0.0002498749960370327,0.00025017196901901405
36,20260836,0.9999999999991895,8.104628079763643e-13,0.007049143407669772,0.0017623154663931743,0.00352394306331218,0.005097604793833885,0.0028403661289345575,0.024679020641111004,0.003583863200679583,0.0071663275427879545,0.01292625276171402,0.006469626129987237,0.0443237093335135,0.004360476587485372,0.008719251187560116,0.017487273183420502,0.007691814069302324,0.00148669799137686,0.0009295438012170434,0.00025016912889109025,0.00024987499606470503,0.00025016932039336257
37,20260837,0.9999999999992517,7.482903185973555e-13,0.0058600739925662275,0.001762315466502742,0.0035239469878277315,0.004431503212096072,0.002840369159907898,0.019202161662026193,0.0030540802603674384,0.006106975248570927,0.007700780093701255,0.004782830212383941,0.030386121950530625,0.0038094590041033408,0.007617439577604883,0.014592125321352236,0.006703339552398873,0.0014169049056475596,0.0008640274915028411,0.00025018387697441313,0.0002498749960803314,0.0002501838883595364
38,20260838,0.9999999999995202,4.798383912429927e-13,0.006887861469709786,0.0017623154669758388,0.003523966191142536,0.005404592386380037,0.0028403839909659848,0.022766571994954972,0.0031176302937798448,0.006234084621985883,0.010306685632798199,0.005302778824807032,0.044012800800831836,0.00482191882335116,0.009642018825995047,0.01974583227569035,0.008463007568127142,0.0014619561241534143,0.0009127601563094596,0.0002501736695686117,0.0002498749961475138,0.0002501738826498188
39,20260839,0.9999999999995514,4.4864112425102576e-13,0.006352198374238212,0.0017623154670308183,0.0035239687425613372,0.004392938294012749,0.0028403859614711483,0.02658394614319503,0.005607849890310937,0.011213592626368398,0.016560044067365963,0.010244339110037023,0.03842564819178732,0.005123381389772641,0.010244837664733223,0.018482119128105344,0.009000417982056726,0.0015974400206836305,0.0010627666184804116,0.000250170103475398,0.0002498749961552576,0.0002501702995817705
40,20260840,0.9999999999998331,1.6686652060116103e-13,0.00865233674636716,0.0017623154675273942,0.0035239978609530155,0.006618877140619999,0.0028404084501034432,0.021904307387169305,0.002975639470542014,0.00595021000631059,0.01115647415018606,0.00530432439799621,0.03955563624095647,0.003868998332720545,0.007736606810622599,0.015224883785069698,0.006719878906425755,0.0014117807617370114,0.000860613086102781,0.00025016737629492917,0.0002498749962256596,0.0002501675595557818
41,20260841,0.9999999999995244,4.756195437494171e-13,0.006884346110119689,0.0017623154669832739,0.0035239665312210146,0.00494514673575306,0.002840384253614504,0.02580526452315822,0.0043283201636963205,0.008655008526586155,0.014588185937066539,0.00785849790663203,0.039284628555626575,0.005322476211485462,0.010642945819797885,0.020075389880891033,0.009592293573881602,0.0015604811557454747,0.0010138344970326894,0.0002501693173669774,0.00024987499614854074,0.000250169509758117
42,20260842,0.9999999999984513,1.5486500970496309e-12,0.005649405178863441,0.0017623154650922555,0.0035239047098927696,0.004627299292857247,0.0028403365078910566,0.022267300527458823,0.002859791323230605,0.005718404174995565,0.007970427428008188,0.004554972134460185,0.03989029207590928,0.004643584513267132,0.009285255484170966,0.017102417220105103,0.008054133093504093,0.0014276509973205585,0.0008830318069581146,0.00025019062577786867,0.0002498749958802831,0.00025019067092946055
43,20260843,0.9999999999994407,5.593303598061539e-13,0.006213395587175299,0.001762315466835749,0.003523960042367176,0.005104862913308543,0.00284037924215922,0.02240548895750702,0.003399966036176705,0.006798637748101262,0.007600227535079992,0.004959781594999057,0.039022743418952,0.004279059782342738,0.008556490580515122,0.01951713562540557,0.007834944039502701,0.0014694705924654064,0.0009130318204981344,0.0002501961303755354,0.0002498749961275159,0.0002501962036119127
44,20260844,0.9999999999983238,1.6762147225790613e-12,0.00831594325644437,0.0017623154648674464,0.0035238991116781373,0.005847561740471545,0.002840332184285767,0.024558382942282304,0.00441286630959318,0.008823900134984871,0.014617514073310921,0.007890054173022945,0.037284972305734534,0.005661936812534812,0.011321522452604637,0.020113121490244475,0.010202550925815297,0.0015722631686217524,0.0010302232599800074,0.00025016988659464824,0.0002498749958484336,0.00025017008167697397
45,20260845,0.9999999999998678,1.3222756223285614e-13,0.005714188561303195,0.0017623154675884389,0.0035240028599489333,0.004677043588513307,0.002840412310911966,0.02284650671472563,0.0036953012465640745,0.0073892855171295594,0.010127971845084629,0.0061136445208549274,0.0425792802227642,0.004526938908345809,0.009052264451639199,0.02053126029032243,0.00825742724872847,0.0015007312168445685,0.0009443324958189046,0.00025018452022639763,0.00024987499623431935,0.00025018453479804133
46,20260846,0.9999999999998761,1.2390088954816747e-13,0.006936084747744854,0.001762315467603113,0.0035240041565012,0.004762788784271492,0.002840413312261107,0.02090290115096359,0.004216035414770165,0.008430571369729536,0.01271399944752732,0.0073185380994799905,0.04141424644541247,0.004164301454184877,0.008327121848071087,0.019581791900228088,0.007626842331248807,0.001514617531049581,0.0009571564624699233,0.00025017092930467973,0.00024987499623644265,0.00025017112932292546
47,20260847,0.9999999999992242,7.758238496080594e-13,0.008201942126180129,0.0017623154664542192,0.0035239452304669525,0.0061123199808881925,0.0028403678026669146,0.016125603419405124,0.004032518634131914,0.008063468248456995,0.010839988862488312,0.006835874335395314,0.038914773159134344,0.006063040542389304,0.012123722005611523,0.022982527325911137,0.010859475181501078,0.0015604403109821666,0.0010200407198851045,0.000250185420333742,0.00024987499607350355,0.0002501854393759618
48,20260848,0.9999999999995459,4.54081217071689e-13,0.006130907022680449,0.0017623154670212311,0.0035239682914110526,0.004582179998594404,0.00284038561303985,0.030216040778154485,0.0035074760504055576,0.007013633265901508,0.014589386858863799,0.006312286945809935,0.032820241269215414,0.004995201643216321,0.009988525056556539,0.016724890908272408,0.008707303016016578,0.001501859218151679,0.0009499087361081922,0.00025016858662231083,0.0002498749961539392,0.0002501687755685847
49,20260849,0.999999999998778,1.2220224832049098e-12,0.008391747536967427,0.0017623154656678764,0.0035239201983712286,0.006263721581008649,0.0028403484699279203,0.028621777159474924,0.0027630795027799603,0.005525044669492126,0.009640529136069383,0.004599898759986165,0.023915368143399784,0.002870260331181736,0.005739363100806601,0.010645064058305802,0.005019564114666855,0.001319509055587803,0.0007826252315574955,0.0002501706364989711,0.00024987499596192613,0.00025017083512860166
50,20260850,0.999999999996343,3.656963620812803e-12,0.0065703659507800605,0.001762315461376742,0.0035238302885045487,0.004695874293682754,0.0028402790308228536,0.027323996961109258,0.004012436124805808,0.008023049367242603,0.015006978964109586,0.007260254716693019,0.03505453751569525,0.005095410886381588,0.010188506886150963,0.016631617843973972,0.008591105871431734,0.0015382576106824418,0.0009872492059957694,0.00025017223703747754,0.0002498749953531631,0.00025017244327995083
