controller,fid,diag_gain_min,diag_gain_med,diag_gain_max,inradius_gauge_est,inradius_gauge_cert,inradius_poly,inradius_gain_est,inradius_gain_cert,traj_box_joint,traj_box_sep,traj_gain,ang_diag_gain,ang_inradius_cert,ang_inradius_gain
1,0.9999998848788966,1.5063729274945716,1.5063729274945716,1.5063729274945716,0.0007721940569649226,0.0006675955923009056,0.0005619167903040448,1.3742142436197713,1.1880684183501253,0.000978877764127829,0.0006498243205657693,1.5063729274945719,1.97844082489096,0.001320798374325373,1.9784408248909604
2,0.9999998206620195,1.5190080817842657,1.5190080817842657,1.5190080817842657,0.0007104793675824471,0.0005900064732865173,0.0005142422952903198,1.381604302270275,1.147331673590606,0.0009054567990862211,0.0005960842538919532,1.5190080817842657,1.9732437475699067,0.0011642265844383913,1.9732437475699065
3,0.9999995197769479,1.5651374531241575,1.5651374531241575,1.5651374531241575,0.0007048023538690708,0.0006329287010987117,0.0004920118684564714,1.4324905536936758,1.2864094174888938,0.0008872994465880957,0.0005669147107923109,1.5651374531241573,1.9567892676009764,0.0012385080894665853,1.9567892676009764
4,0.9999991835309329,1.539397211877532,1.539397211877532,1.539397211877532,0.0009429168298568621,0.0007786101944418381,0.0006390965251971082,1.475390324749537,1.2182982753688132,0.0011064689301413494,0.0007187676589278998,1.5393972118775314,1.9441203532692513,0.001513711926277307,1.944120353269252
5,0.9999989947531169,1.552001978580585,1.552001978580585,1.552001978580585,0.0009214643483786647,0.0007890123905650053,0.0006292242937801095,1.4644449642001303,1.2539445764640738,0.001095523258786154,0.0007058774884991363,1.5520019785805854,1.9382195815181182,0.0015292792654535141,1.9382195815181176
6,0.9999989350273581,1.5172332679830585,1.5172332679830585,1.5172332679830585,0.0007129183281637357,0.0005739942347381993,0.0005109379803651497,1.3953128472740226,1.1234127365673336,0.0008814564482187787,0.00058096303766826,1.5172332679830582,1.9364773714526617,0.0011115268469148103,1.9364773714526615
7,0.9999983494355296,1.4580174643670998,1.4580174643670998,1.4580174643670998,0.0006544461459155122,0.000562911300263201,0.0004994101196850101,1.3104382953398843,1.1271523705171267,0.0008265280867655442,0.000566884901563457,1.4580174643670993,1.9216043576364537,0.0010816928075485697,1.9216043576364543
8,0.9999976099109873,1.5730178512207451,1.5730178512207451,1.5730178512207451,0.0008822952472994154,0.000732056776744261,0.0005929803347541378,1.4878996748943347,1.2345380341285468,0.0010326127078212298,0.0006564532672149064,1.5730178512207453,1.9064705890064364,0.0013956447143457843,1.9064705890064362
9,0.9999972515493131,1.5364655869608264,1.5364655869608264,1.5364655869608264,0.0008852112073202938,0.0007979281622308259,0.000609568129881195,1.452194043498996,1.3090057093147938,0.0010323184543650776,0.0006718786695425008,1.5364655869608266,1.9000636870157508,0.0015161143259020046,1.90006368701575
10,0.9999964305638135,1.5138569953753165,1.5138569953753165,1.5138569953753165,0.0006445953485888765,0.0005372606512996786,0.0004699701764276686,1.3715664970244847,1.1431803085538268,0.0007938424762741269,0.0005243840591939908,1.5138569953753163,1.8869422431801275,0.0010137798185358316,1.886942243180127
11,0.9999963832699197,1.5709940441954349,1.5709940441954349,1.5709940441954349,0.0008935542323750022,0.0007615083867449677,0.0006044317694399146,1.4783376347060606,1.259874853121313,0.0010402464736221039,0.0006621581268660075,1.5709940441954362,1.886240147135844,0.0014363876914590067,1.8862401471358436
12,0.9999959548828486,1.495542968838144,1.495542968838144,1.495542968838144,0.0007703299079628227,0.0006438641598646251,0.0005793885051601944,1.3295567673539452,1.111282246938268,0.0009652783248116683,0.000645436704210226,1.4955429688381439,1.8801011200842557,0.00121052972814359,1.880101120084256
13,0.9999957175219889,1.5280304006961336,1.5280304006961336,1.5280304006961336,0.0007935089928791641,0.0006766050586666098,0.0005637396152869961,1.4075806832826427,1.2002084656089933,0.0009424547720964386,0.0006167775010674388,1.5280304006961336,1.8768555805575506,0.001269889980191896,1.876855580557551
14,0.9999949655878757,1.5403851166986444,1.5403851166986444,1.5403851166986444,0.0006426831179009473,0.000517401663192198,0.0004765320287970562,1.3486672019157204,1.0857647165885407,0.0008150627959511663,0.0005291292334075584,1.5403851166986446,1.8671950684999452,0.0009660898339461411,1.867195068499944
15,0.9999948004295495,1.502077718011623,1.502077718011623,1.502077718011623,0.0006667765311788749,0.0005212537781200919,0.0004870611083205395,1.3689792097710725,1.0702020120585154,0.0008051668264300374,0.0005360353973533925,1.502077718011623,1.8651846609712097,0.0009722345514228852,1.8651846609712088
16,0.9999946724644592,1.5421051906867318,1.5421051906867318,1.5421051906867318,0.0008549900550894322,0.0007175383370372932,0.0005909414522245238,1.446827011154711,1.2142291496665392,0.0009861718347515406,0.0006394971242606203,1.542105190686732,1.8636517682289002,0.001337241590591576,1.8636517682289
17,0.9999944998331917,1.4788250981911766,1.4788250981911766,1.4788250981911766,0.0005566580721817997,0.0004702490642820927,0.0004293761948259968,1.296434406214307,1.0951912796950922,0.0007092904551391224,0.0004796310638808405,1.4788250981911764,1.8616166010751025,0.0008754234647075763,1.8616166010751016
18,0.9999942152718732,1.4991528095848055,1.4991528095848055,1.4991528095848055,0.0007208528731696085,0.0005537625226908208,0.000531831284325284,1.3554164533290471,1.0412372100173841,0.0008716817884542071,0.0005814495913165931,1.499152809584805,1.8583397499242542,0.0010290789079346848,1.8583397499242555
19,0.9999917977476402,1.5546597639078095,1.5546597639078095,1.5546597639078095,0.0007506326018772422,0.0006480448014716279,0.0005232075232542758,1.4346747103489932,1.2385999296051442,0.0008730303743410131,0.0005615571938046138,1.5546597639078097,1.8336189965429088,0.0011882672585892544,1.8336189965429082
20,0.9999917792203681,1.5700142098547705,1.5700142098547705,1.5700142098547705,0.0009156305967758862,0.0007255616533775738,0.0006136369861571878,1.4921372365604775,1.182395568952416,0.0010238884767903085,0.0006521523629298998,1.5700142098547711,1.833447150484461,0.0013302789458859063,1.83344715048446
21,0.9999914531930443,1.4964879175643617,1.4964879175643617,1.4964879175643617,0.0006067594242881349,0.0004947300185681311,0.00045449917244831786,1.3350066646317842,1.0885168743060538,0.0007384446187547292,0.0004934517747103493,1.496487917564362,1.8304593968263456,0.0009055832113801076,1.830459396826345
22,0.9999894111260954,1.5481619827374138,1.5481619827374138,1.5481619827374138,0.0007927145677451529,0.000681381753050343,0.0005844407056437346,1.3563644011962073,1.1658697733927212,0.000968630267058422,0.0006256646771197154,1.5481619827374131,1.8131121840185516,0.001235421558423497,1.8131121840185518
23,0.9999885827401283,1.5874491348087498,1.5874491348087498,1.5874491348087498,0.0009040067719566391,0.0007494030262360439,0.0005976354227639592,1.5126392069863699,1.2539468004928258,0.0009940272323955214,0.00062617894998902,1.5874491348087503,1.8066435911408247,0.001353904174530888,1.8066435911408247
24,0.9999868239874061,1.5627021917049102,1.5627021917049102,1.5627021917049102,0.0008239097883698409,0.0006979203389817055,0.000569988764416967,1.445484261804013,1.2244457830595974,0.0009310692335130391,0.0005958072103919183,1.56270219170491,1.793785055686493,0.0012519190741250347,1.793785055686493
25,0.9999861964971261,1.550149218292889,1.550149218292889,1.550149218292889,0.0008061542070533519,0.0006548709599451837,0.0005533349972264275,1.4569008125171405,1.1834981760194128,0.0008939585083939905,0.0005766919067175141,1.5501492182928898,1.789449128401607,0.0011718582684894323,1.7894491284016065
26,0.9999858955586922,1.5355520460157708,1.5355520460157708,1.5355520460157708,0.0007618919302412625,0.0006295388183191057,0.0005434089106884572,1.4020600605831146,1.1584992552321762,0.0008722793654174713,0.0005680558778067708,1.5355520460157703,1.7874119144411407,0.0011252451844667658,1.78741191444114
27,0.999984918272474,1.5433173695394589,1.5433173695394589,1.5433173695394589,0.0008214643495077709,0.0007405432750990492,0.0005714537946651025,1.437499159471302,1.295893529822548,0.0009128736223708052,0.0005915009060276537,1.5433173695394589,1.7809724742208626,0.0013188871889207746,1.7809724742208626
28,0.9999836112575723,1.5690014548037425,1.5690014548037425,1.5690014548037425,0.0008077864296811405,0.0006112590312807312,0.0005782025955376177,1.3970646896353929,1.0571710262081708,0.0009429495020041061,0.0006009870157335543,1.569001454803742,1.7727463026632653,0.0010836071876724452,1.7727463026632648
29,0.9999834265024687,1.5314776933169063,1.5314776933169063,1.5314776933169063,0.0008184885960676307,0.0006597974872626211,0.0005656117741309797,1.44708549839716,1.1665200716098083,0.0008923821115292065,0.0005826935092971985,1.5314776933169056,1.7716163067270785,0.0011689079875720119,1.7716163067270791
30,0.9999831413238557,1.5095083005059604,1.5095083005059604,1.5095083005059604,0.0009610214917577281,0.0007405969754039235,0.0006560470441153299,1.4648667353629372,1.128877848085739,0.0010143705707702706,0.0006719874083701772,1.50950830050596,1.7698871891478818,0.0013107730990890734,1.7698871891478822
31,0.999981994804659,1.5177825180474618,1.5177825180474618,1.5177825180474618,0.0007852167556785229,0.0005970944970419875,0.0005809950154325636,1.3515034291540553,1.0277101888687246,0.0009180974435756783,0.0006048939374771272,1.5177825180474622,1.763111587775806,0.001052744226731895,1.7631115877758061
32,0.9999807400686458,1.5213646273510848,1.5213646273510848,1.5213646273510848,0.0008048032811653755,0.0006502997913022238,0.0005758899838847306,1.3974948404840877,1.1292083722581066,0.0009004078024021288,0.0005918422094313239,1.5213646273510848,1.7559955985342555,0.0011419235712544498,1.755995598534255
33,0.9999807199896826,1.5493773751555375,1.5493773751555375,1.5493773751555375,0.0006885813361252318,0.0005556365948835022,0.000496236388123979,1.387607504416217,1.1197014329885917,0.0007960492644910672,0.0005137865553323667,1.5493773751555366,1.7558840987418296,0.0009756334616349974,1.7558840987418296
34,0.9999804245786236,1.5682250522021715,1.5682250522021715,1.5682250522021715,0.0008674362790506312,0.0007358139504365414,0.0006017126801878681,1.441612097620742,1.2228659535757231,0.0009647505388923636,0.0006151862818015935,1.568225052202171,1.7542519461796657,0.0012908030545794502,1.7542519461796648
35,0.9999789260363197,1.5626161532190095,1.5626161532190095,1.5626161532190095,0.0006219305601045199,0.0005229375962090931,0.0004357079757478661,1.4274022848377153,1.2002020282311854,0.0007062898119574302,0.0004519918794532261,1.562616153219009,1.7462005668134541,0.0009131539269083835,1.7462005668134541
36,0.99997863981606,1.5534138758631173,1.5534138758631173,1.5534138758631173,0.0006840042999461163,0.0005722391544971732,0.0005061820026551509,1.3513011058437636,1.1305007912085434,0.0008126787773643505,0.0005231566358404031,1.5534138758631182,1.7447038874526037,0.000998387877403809,1.7447038874526035
37,0.9999782017135218,1.5675395627402617,1.5675395627402617,1.5675395627402617,0.0008688250099144117,0.0006930440895302594,0.0005845240286262217,1.4863803152051227,1.185655431752031,0.0009270858591353522,0.0005914274071109795,1.5675395627402626,1.7424371835183403,0.0012075857914151374,1.7424371835183399
38,0.9999775387838377,1.5578863749674432,1.5578863749674432,1.5578863749674432,0.0009407183700049017,0.0008369975565413555,0.0006282299114724989,1.4974109841410856,1.3323108964670738,0.0009838551976555454,0.0006315320638683336,1.5578863749674423,1.7390610810702878,0.0014555898755319987,1.7390610810702873
39,0.9999744085017265,1.5359936748704575,1.5359936748704575,1.5359936748704575,0.0007633917089519988,0.0006333033792479407,0.0005561139357513427,1.3727253713227157,1.1388014910870925,0.0008658688468642185,0.0005637190185286693,1.535993674870458,1.7239166650981144,0.0010917622495484765,1.7239166650981148
40,0.9999742592136068,1.5758273667939582,1.5758273667939582,1.5758273667939582,0.0006963367412275415,0.0005774404633814107,0.00048073134996235844,1.4484945516494088,1.2011708065775712,0.0007685174008741173,0.0004876913658617796,1.5758273667939589,1.7232245890994393,0.0009950596052398213,1.7232245890994393
41,0.9999724444277631,1.5467914551210518,1.5467914551210518,1.5467914551210518,0.0009140975489685322,0.0008010065799580604,0.0006228569563218626,1.4675882474950965,1.2860201236062596,0.0009552986382840082,0.000617600152316103,1.5467914551210518,1.7150094923858312,0.0013737338880915836,1.715009492385831
42,0.9999710122751596,1.5140482963905497,1.5140482963905497,1.5140482963905497,0.0007581605785310673,0.0006336564682673674,0.00054135315296699,1.4004916649618135,1.170504807803356,0.0008178658945123631,0.0005401848121107716,1.51404829639055,1.708768593504377,0.0010827722720461797,1.7087685935043762
43,0.999969510522715,1.5349792817408827,1.5349792817408827,1.5349792817408827,0.0006962099491746057,0.0006078952963428212,0.0004938800364212077,1.4096742079706985,1.2308561827033946,0.0007581484110741614,0.0004939144261376052,1.5349792817408827,1.7024346466323708,0.001034902014018871,1.7024346466323708
44,0.9999564152856523,1.4754743086482824,1.4754743086482824,1.4754743086482824,0.0007262347042318462,0.0006336370457912652,0.0005374957437525728,1.35114503263147,1.1788689550683205,0.000766520193926379,0.0005195076521722743,1.4754743086482829,1.654334112416071,0.001048247379743034,1.6543341124160709
45,0.9999550715123738,1.5129457716007797,1.5129457716007797,1.5129457716007797,0.0007403607619417934,0.0005871347226315704,0.0005312046098348643,1.393739339295172,1.105289208265894,0.0007748584867378239,0.0005121521876610166,1.5129457716007793,1.6499750705492693,0.0009687576553959509,1.6499750705492693
46,0.9999470205626795,1.5669707504967494,1.5669707504967494,1.5669707504967494,0.0007308867840660154,0.0006293089081541671,0.0005062977962965488,1.4435906879553555,1.2429619736791588,0.0007542588810001381,0.0004813484111053306,1.5669707504967503,1.625555430725441,0.0010229765132539037,1.6255554307254403
47,0.9999444525464534,1.5482786756194022,1.5482786756194022,1.5482786756194022,0.0006676479184570376,0.0005589353310218827,0.0004924975523137196,1.3556370286927797,1.1348997135032308,0.000729073269275205,0.00047089279259338295,1.5482786756194027,1.618304843301264,0.0009045277532849076,1.618304843301263
48,0.9999438611998864,1.496099033058633,1.496099033058633,1.496099033058633,0.0006009193529589831,0.000541074937574863,0.00044552670523151274,1.3487841377470793,1.2144612909201475,0.0006372027218562804,0.00042590945370346226,1.4960990330586328,1.6166681176953346,0.0008747386008612743,1.6166681176953341
49,0.9999436897848124,1.5361930765600011,1.5361930765600011,1.5361930765600011,0.0009042757240844239,0.0007836628294485028,0.0006094184386394349,1.4838338762825694,1.2859191316857421,0.0008747404300131276,0.0005694208907463214,1.536193076560001,1.6161959057649242,0.001266552656454826,1.6161959057649238
50,0.9999403929265362,1.5948410789063776,1.5948410789063776,1.5948410789063776,0.00090563123656657,0.0008114586168377818,0.0005941047432792159,1.524362912115219,1.3658510995196929,0.0008813527460546852,0.000552627316734938,1.5948410789063783,1.6073016105202766,0.0013042587417139225,1.6073016105202762
51,0.9999377005712213,1.5864311109745686,1.5864311109745686,1.5864311109745686,0.0007807576850216082,0.0006459982885283397,0.000538335744539206,1.4503173771043305,1.1999914460097547,0.0007968495690686021,0.0005022906847679538,1.5864311109745692,1.6002888336196193,0.001033783847669287,1.600288833619619
52,0.9999335906978701,1.5583486427073494,1.5583486427073494,1.5583486427073494,0.0008444567487811168,0.0007304977530090503,0.0005695306767150145,1.4827239046223872,1.2826310906068745,0.0008180845352476015,0.0005249688759161926,1.5583486427073492,1.5899821739981765,0.0011614784054301125,1.589982173998176
53,0.9999330801517845,1.5191434663525007,1.5191434663525007,1.5191434663525007,0.0007923826819396722,0.0006662612071204384,0.0005719029516192305,1.3855194831504136,1.1649899781668396,0.0008076339918989817,0.0005316377352022783,1.5191434663525,1.5887334597321008,0.0010585114726737403,1.5887334597321012
54,0.9999223709138325,1.5545194421202682,1.5545194421202682,1.5545194421202682,0.0008822701161972549,0.0007238453269177863,0.0005854696748404293,1.5069441750979145,1.2363498196812184,0.0008232474255607842,0.0005295832289095889,1.554519442120268,1.5639721148948376,0.0011320739067963558,1.5639721148948382
55,0.9999206945115415,1.5636287701774942,1.5636287701774942,1.5636287701774942,0.0009184897486266206,0.0007892141616008,0.0006110473529231389,1.5031400500022354,1.2915761075231627,0.0008618083621985626,0.0005511591872927325,1.5636287701774945,1.560321128230682,0.001231427531044592,1.560321128230682
56,0.9999190346862958,1.59103108492013,1.59103108492013,1.59103108492013,0.0007697731456628135,0.0006211145046470713,0.000516807565256581,1.4894773169209354,1.2018293585518716,0.0007459095759631528,0.0004688214976017251,1.5910310849201301,1.5567605681886632,0.0009669265691645946,1.556760568188663
57,0.9999084156898567,1.549092143305452,1.549092143305452,1.549092143305452,0.0006242484756030194,0.0005147759645136183,0.0004454599928151865,1.4013569920340951,1.1556053805424222,0.000624140466503503,0.000402907257131724,1.5490921433054514,1.535151071953398,0.0007902588737389253,1.5351510719533978
58,0.9999069849275312,1.4937264748244263,1.4937264748244263,1.4937264748244263,0.0005182671920662502,0.000427024641590417,0.0003909960423181027,1.3255049565044024,1.0921456878660745,0.000536749013374643,0.00035933554263188177,1.4937264748244259,1.532381511469154,0.0006543646657148969,1.532381511469154
59,0.9999037240988098,1.5739952311498495,1.5739952311498495,1.5739952311498495,0.0008582590842648138,0.0007296612495683429,0.0005718710394412875,1.500791306206596,1.2759192182230716,0.0007946271517904761,0.0005048472422689474,1.57399523114985,1.5261843980243652,0.0011135976149341678,1.5261843980243657
60,0.9999033447097302,1.5384206090410042,1.5384206090410042,1.5384206090410042,0.0007563758645426404,0.000659837501126599,0.0005247866111619033,1.4413017566663662,1.25734438930461,0.000715985574907057,0.0004654030053285469,1.5384206090410046,1.5254734608245473,0.001006564596425414,1.525473460824547
61,0.9999009466228718,1.5637615492151002,1.5637615492151002,1.5637615492151002,0.0008725857000586098,0.0007340403940650735,0.0005810914368259119,1.501632350366275,1.2632097937539963,0.0007989853906221503,0.0005109381229019129,1.5637615492150996,1.5210266893609135,0.001116495030441979,1.5210266893609132
