controller,fid,err,L_H0,L_H1,L_H2,poly_r_H0,poly_r_H1,poly_r_H2,inradius_linf,inradius_l2,r0_joint,r0_H0,r0_H1,r0_H2,M_+e0,Mupper_+e0,nev_+e0,rang_+e0,M_+e1,Mupper_+e1,nev_+e1,rang_+e1,M_+e2,Mupper_+e2,nev_+e2,rang_+e2,M_-e0,Mupper_-e0,nev_-e0,rang_-e0,M_-e1,Mupper_-e1,nev_-e1,rang_-e1,M_-e2,Mupper_-e2,nev_-e2,rang_-e2,M_diagmmm,Mupper_diagmmm,nev_diagmmm,rang_diagmmm,M_diagmmp,Mupper_diagmmp,nev_diagmmp,rang_diagmmp,M_diagmpm,Mupper_diagmpm,nev_diagmpm,rang_diagmpm,M_diagmpp,Mupper_diagmpp,nev_diagmpp,rang_diagmpp,M_diagpmm,Mupper_diagpmm,nev_diagpmm,rang_diagpmm,M_diagpmp,Mupper_diagpmp,nev_diagpmp,rang_diagpmp,M_diagppm,Mupper_diagppm,nev_diagppm,rang_diagppm,M_diagppp,Mupper_diagppp,nev_diagppp,rang_diagppp
1,0.9999998848788966,1.15121103427818e-07,0.8213784146177635,0.9989098495944149,1.223939232348436,0.0012173254873770697,0.0010009760933897638,0.0008169399692965497,0.0003284527454092211,0.0005615460719955768,0.0003284527454092211,0.0012173254873770697,0.0010009760933897638,0.0008169399692965497,0.006456127811548907,0.006456127876089306,130,0.0024084064412961364,0.010117833077039066,0.010117833178172185,238,0.0019803719678109484,0.01084212166668573,0.010842121775056755,291,0.0016162673866670074,0.006456127811548907,0.006456127876089306,130,0.0024084064412961364,0.010117833077039066,0.010117833178172185,238,0.0019803719678109484,0.01084212166668573,0.010842121775056755,291,0.0016162673866670074,0.009889020427722937,0.0098890205265637,265,0.001695466021789026,0.007850745506250211,0.0078507455847196,208,0.001695466021789026,0.00799958659933285,0.007999586679292993,217,0.001695466021789026,0.008364992922788056,0.008364993006403523,217,0.001695466021789026,0.008364992922788056,0.008364993006403523,217,0.001695466021789026,0.00799958659933285,0.007999586679292993,217,0.001695466021789026,0.007850745506250211,0.0078507455847196,208,0.001695466021789026,0.009889020427722937,0.0098890205265637,265,0.001695466021789026
2,0.9999998206620195,1.79337980465988e-07,0.8213784146177635,1.333274195193925,1.1550974081427525,0.0012172473055347406,0.0007498987572263373,0.0008655725958431956,0.0003020834372971162,0.0005138084677302743,0.0003020834372971162,0.0012172473055347406,0.0007498987572263373,0.0008655725958431956,0.006099478378560971,0.0060994784395260356,127,0.002401925634745383,0.007342842145173752,0.00734284221857133,223,0.0014797330339165313,0.007748211908645459,0.007748211986096749,200,0.0017079857127106533,0.006099478378560971,0.0060994784395260356,127,0.002401925634745383,0.007342842145173752,0.00734284221857133,223,0.0014797330339165313,0.007748211908645459,0.007748211986096749,200,0.0017079857127106533,0.006161318466413017,0.006161318527999782,182,0.0015682971799771915,0.007209489458580812,0.007209489530644024,205,0.0015682971799771915,0.008878145703092125,0.008878145791832909,239,0.0015682971799771915,0.006405761017510115,0.006405761081538204,205,0.0015682971799771915,0.006405761017510115,0.006405761081538204,205,0.0015682971799771915,0.008878145703092125,0.008878145791832909,239,0.0015682971799771915,0.007209489458580812,0.007209489530644024,205,0.0015682971799771915,0.006161318466413017,0.006161318527999782,182,0.0015682971799771915
3,0.9999995197769479,4.80223052101714e-07,0.8213784146177635,1.268312952705016,1.3602977316602172,0.0012168809882998552,0.0007880703061625992,0.0007347801541419448,0.0002897167927988164,0.0004916119498077559,0.0002897167927988164,0.0012168809882998552,0.0007880703061625992,0.0007347801541419448,0.005535504641095045,0.005535504696433442,115,0.0023811796578705317,0.010014620399682938,0.010014620499783635,283,0.001542087517225456,0.008855693996443651,0.008855694084957122,258,0.0014378099196818402,0.005535504641095045,0.005535504696433442,115,0.0023811796578705317,0.010014620399682938,0.010014620499783635,283,0.001542087517225456,0.008855693996443651,0.008855694084957122,258,0.0014378099196818402,0.006888201418143845,0.0068882014869961206,204,0.0015368477230302687,0.007187280011056285,0.007187280082894008,211,0.0015368477230302687,0.007944075341964254,0.007944075421369937,225,0.0015368477230302687,0.007541395486860318,0.007541395562240176,221,0.0015368477230302687,0.007541395486860318,0.007541395562240176,221,0.0015368477230302687,0.007944075341964254,0.007944075421369937,225,0.0015368477230302687,0.007187280011056285,0.007187280082894008,211,0.0015368477230302687,0.006888201418143845,0.0068882014869961206,204,0.0015368477230302687
4,0.9999991835309329,8.16469067133063e-07,0.8213784146177635,0.8771822848980212,1.0040275638953302,0.0012164716203277542,0.0011390831166277773,0.000995175398428083,0.00036971356105542226,0.0006380707890553903,0.00036971356105542226,0.0012164716203277542,0.0011390831166277773,0.000995175398428083,0.006545263862172839,0.006545263927600648,141,0.0023649672362312806,0.011784205200115389,0.011784205317906075,230,0.002214514671080522,0.00826988929541038,0.00826988937807252,195,0.0019347407471386028,0.006545263862172839,0.006545263927600648,141,0.0023649672362312806,0.011784205200115389,0.011784205317906075,230,0.002214514671080522,0.00826988929541038,0.00826988937807252,195,0.0019347407471386028,0.007560779127239212,0.007560779202817068,176,0.0019164604039820338,0.009287097265719592,0.0092870973585445,232,0.0019164604039820338,0.008738198997417634,0.008738199084758777,204,0.0019164604039820338,0.007483912546028381,0.007483912620830272,184,0.0019164604039820338,0.007483912546028381,0.007483912620830272,184,0.0019164604039820338,0.008738198997417634,0.008738199084758777,204,0.0019164604039820338,0.009287097265719592,0.0092870973585445,232,0.0019164604039820338,0.007560779127239212,0.007560779202817068,176,0.0019164604039820338
5,0.9999989947531169,1.00524688306791e-06,0.8213784146177635,0.9353885986790607,0.986302745794192,0.0012162417898231644,0.0010679997110586818,0.0010128682672503463,0.00036418860650771915,0.0006290071586931414,0.00036418860650771915,0.0012162417898231644,0.0010679997110586818,0.0010128682672503463,0.005319767836842961,0.005319767890020662,123,0.0023573436528919007,0.008907324917019198,0.008907325006050395,198,0.0020700179530261163,0.009540168456117368,0.009540168551472697,217,0.001963161109079616,0.005319767836842961,0.005319767890020662,123,0.0023573436528919007,0.008907324917019198,0.008907325006050395,198,0.0020700179530261163,0.009540168456117368,0.009540168551472697,217,0.001963161109079616,0.005603929640067826,0.00560392969608197,143,0.0018975019450876154,0.008230725155916024,0.00823072523819117,193,0.0018975019450876154,0.007889721112340492,0.007889721191200454,179,0.0018975019450876154,0.007917106041883231,0.007917106121015656,185,0.0018975019450876154,0.007917106041883231,0.007917106121015656,185,0.0018975019450876154,0.007889721112340492,0.007889721191200454,179,0.0018975019450876154,0.008230725155916024,0.00823072523819117,193,0.0018975019450876154,0.005603929640067826,0.00560392969608197,143,0.0018975019450876154
6,0.9999989350273581,1.06497264185101e-06,0.8213784146177635,1.2858203713803447,1.222471004690173,0.0012161690757681474,0.0007768853640802268,0.0008171441478194936,0.0003000102382990657,0.0005109370124515537,0.0003000102382990657,0.0012161690757681474,0.0007768853640802268,0.0008171441478194936,0.006095253864691626,0.006095253925614129,134,0.002355083895205768,0.006376831851111067,0.006376831914853208,190,0.001504420927830939,0.00800589992113746,0.00800590000116259,215,0.001582381151548216,0.006095253864691626,0.006095253925614129,134,0.002355083895205768,0.006376831851111067,0.006376831914853208,190,0.001504420927830939,0.00800589992113746,0.00800590000116259,215,0.001582381151548216,0.006106336974725754,0.006106337035763498,179,0.0015267273530573454,0.007381813683282171,0.007381813757067168,239,0.0015267273530573454,0.007039694587019439,0.007039694657388433,196,0.0015267273530573454,0.006396239031665246,0.006396239095597228,191,0.0015267273530573454,0.006396239031665246,0.006396239095597228,191,0.0015267273530573454,0.007039694587019439,0.007039694657388433,196,0.0015267273530573454,0.007381813683282171,0.007381813757067168,239,0.0015267273530573454,0.006106336974725754,0.006106337035763498,179,0.0015267273530573454
7,0.9999983494355296,1.65056447043455e-06,0.8213784146177635,1.4235090323075177,1.1392785812517119,0.0012154561378291875,0.0007013298917459181,0.0008762996618708422,0.0002950060449798221,0.0004992373665760311,0.0002950060449798221,0.0012154561378291875,0.0007013298917459181,0.0008762996618708422,0.005808440401069227,0.005808440459136234,121,0.002335625810913347,0.007386539653807919,0.007386539727642328,231,0.0013476785760878104,0.010120834861623448,0.010120834962781274,262,0.0016839012488065687,0.005808440401069227,0.005808440459136234,121,0.002335625810913347,0.007386539653807919,0.007386539727642328,231,0.0013476785760878104,0.010120834861623448,0.010120834962781274,262,0.0016839012488065687,0.006677496706970189,0.0066774967737180954,215,0.0014315886401239223,0.0066611094257336655,0.006661109492318365,208,0.0014315886401239223,0.008217026455383294,0.008217026537512717,242,0.0014315886401239223,0.007633870232455963,0.007633870308763538,227,0.0014315886401239223,0.007633870232455963,0.007633870308763538,227,0.0014315886401239223,0.008217026455383294,0.008217026537512717,242,0.0014315886401239223,0.0066611094257336655,0.006661109492318365,208,0.0014315886401239223,0.006677496706970189,0.0066774967737180954,215,0.0014315886401239223
8,0.9999976099109873,2.39008901270488e-06,0.8213784146177635,1.0066070121729445,1.0692717727472603,0.0012145557921062768,0.0009910619526001046,0.0009329806849964203,0.0003443290817067144,0.0005928853264750325,0.0003443290817067144,0.0012145557921062768,0.0009910619526001046,0.0009329806849964203,0.005629170444284197,0.0056291705005548295,121,0.002315514896307905,0.011837167445414246,0.011837167563732097,262,0.0018894304644744868,0.009409227661602904,0.00940922775565416,230,0.0017787002360182475,0.005629170444284197,0.0056291705005548295,121,0.002315514896307905,0.011837167445414246,0.011837167563732097,262,0.0018894304644744868,0.009409227661602904,0.00940922775565416,230,0.0017787002360182475,0.006891954949194342,0.006891955018080018,173,0.001788537674444945,0.008417027096312545,0.008417027180447963,203,0.001788537674444945,0.008358281463223222,0.008358281546765238,201,0.001788537674444945,0.007607104641707727,0.007607104717741173,189,0.001788537674444945,0.007607104641707727,0.007607104717741173,189,0.001788537674444945,0.008358281463223222,0.008358281546765238,201,0.001788537674444945,0.008417027096312545,0.008417027180447963,203,0.001788537674444945,0.006891954949194342,0.006891955018080018,173,0.001788537674444945
9,0.9999972515493131,2.74845068692908e-06,0.8213784146177635,1.0593556251670375,0.9394797005326441,0.0012141194990805502,0.0009413756113807866,0.00106149345083869,0.00035360849961643123,0.0006092230175919682,0.00035360849961643123,0.0012141194990805502,0.0009413756113807866,0.00106149345083869,0.005481053421850053,0.00548105347664463,120,0.002306904371863574,0.0077035032483153895,0.007703503325319576,197,0.0017886736149980932,0.008344088797060329,0.008344088880460714,187,0.002016905159911169,0.005481053421850053,0.00548105347664463,120,0.002306904371863574,0.0077035032483153895,0.007703503325319576,197,0.0017886736149980932,0.008344088797060329,0.008344088880460714,187,0.002016905159911169,0.006415568985276262,0.006415569049400174,173,0.001788028012519322,0.006635131786547687,0.006635131852867192,164,0.001788028012519322,0.007538631039385726,0.007538631114739514,193,0.001788028012519322,0.006823584300234336,0.006823584368439493,171,0.001788028012519322,0.006823584300234336,0.006823584368439493,171,0.001788028012519322,0.007538631039385726,0.007538631114739514,193,0.001788028012519322,0.006635131786547687,0.006635131852867192,164,0.001788028012519322,0.006415568985276262,0.006415569049400174,173,0.001788028012519322
10,0.9999964305638135,3.5694361865124e-06,0.8213784146177635,1.4108576409294544,1.3533171097138545,0.0012131199774454307,0.0007062587570201835,0.0007362875682743346,0.0002779014890838224,0.00046989686420473325,0.0002779014890838224,0.0012131199774454307,0.0007062587570201835,0.0007362875682743346,0.006154750287505032,0.006154750349030335,131,0.0022890873315196147,0.0079189281058983,0.007918928185049764,253,0.001332669483255967,0.00753683170069555,0.007536831776033268,234,0.0013893321157247014,0.006154750287505032,0.006154750349030335,131,0.0022890873315196147,0.0079189281058983,0.007918928185049764,253,0.001332669483255967,0.00753683170069555,0.007536831776033268,234,0.0013893321157247014,0.005955744183167336,0.005955744242700456,192,0.0013749755021348162,0.00935233587251568,0.00935233596599869,275,0.0013749755021348162,0.007386375107720007,0.007386375181547966,233,0.0013749755021348162,0.006745427862047345,0.006745427929472208,216,0.0013749755021348162,0.006745427862047345,0.006745427929472208,216,0.0013749755021348162,0.007386375107720007,0.007386375181547966,233,0.0013749755021348162,0.00935233587251568,0.00935233596599869,275,0.0013749755021348162,0.005955744183167336,0.005955744242700456,192,0.0013749755021348162
11,0.9999963832699197,3.6167300803136e-06,0.8213784146177635,1.0801630789014542,0.9367807280206495,0.0012130623987536406,0.0009224378146066857,0.0010636248591769954,0.0003510465662986359,0.0006042601950263219,0.0003510465662986359,0.0012130623987536406,0.0009224378146066857,0.0010636248591769954,0.006141294542036539,0.006141294603426528,131,0.002288126997527955,0.009461932855574808,0.00946193295015534,228,0.001739939239161014,0.012453440111439455,0.012453440235916106,254,0.0020062519108870764,0.006141294542036539,0.006141294603426528,131,0.002288126997527955,0.009461932855574808,0.00946193295015534,228,0.001739939239161014,0.012453440111439455,0.012453440235916106,254,0.0020062519108870764,0.007165456672566466,0.00716545674418766,181,0.001801759744723765,0.008507189450775535,0.008507189535812549,209,0.001801759744723765,0.009068572142982718,0.009068572233626254,225,0.001801759744723765,0.008622005864200538,0.008622005950379822,206,0.001801759744723765,0.008622005864200538,0.008622005950379822,206,0.001801759744723765,0.009068572142982718,0.009068572233626254,225,0.001801759744723765,0.008507189450775535,0.008507189535812549,209,0.001801759744723765,0.007165456672566466,0.00716545674418766,181,0.001801759744723765
12,0.9999959548828486,4.04511715135225e-06,0.8213784146177635,1.2840879211498106,0.7956638270860634,0.0012125408522067763,0.0007756126869825753,0.001251728241174832,0.00034329893073988216,0.0005792173028331321,0.00034329893073988216,0.0012125408522067763,0.0007756126869825753,0.001251728241174832,0.005657938123281051,0.0056579381798335,123,0.00227969941431828,0.006334515103832403,0.006334515167152282,191,0.001458230281506817,0.010729440398382202,0.010729440505627342,203,0.002353375668208244,0.005657938123281051,0.0056579381798335,123,0.00227969941431828,0.006334515103832403,0.006334515167152282,191,0.001458230281506817,0.010729440398382202,0.010729440505627342,203,0.002353375668208244,0.005643697272871316,0.005643697329285749,157,0.0016719111019658033,0.0075145005618594395,0.0075145006369705235,194,0.0016719111019658033,0.007597211477482272,0.0075972115534176125,195,0.0016719111019658033,0.006999107214696713,0.006999107284659177,182,0.0016719111019658033,0.006999107214696713,0.006999107284659177,182,0.0016719111019658033,0.007597211477482272,0.0075972115534176125,195,0.0016719111019658033,0.0075145005618594395,0.0075145006369705235,194,0.0016719111019658033,0.005643697272871316,0.005643697329285749,157,0.0016719111019658033
13,0.9999957175219889,4.28247801109727e-06,0.8213784146177635,1.1602649071013773,1.0483277530517467,0.0012122518735229316,0.000858181192844333,0.0009498150927446918,0.00032862278134683867,0.0005637259454194281,0.00032862278134683867,0.0012122518735229316,0.000858181192844333,0.0009498150927446918,0.00495485995224071,0.004954860001770129,111,0.002275221693908143,0.008281425278113156,0.008281425360887907,230,0.0016106821609514785,0.00823701582893845,0.008237015911267522,203,0.0017826657573511411,0.00495485995224071,0.004954860001770129,111,0.002275221693908143,0.008281425278113156,0.008281425360887907,230,0.0016106821609514785,0.00823701582893845,0.008237015911267522,203,0.0017826657573511411,0.005726007600166193,0.005726007657404249,161,0.0016323795491438161,0.007414960538368933,0.007414960612482321,192,0.0016323795491438161,0.007344900400183896,0.0073449004735994675,194,0.0016323795491438161,0.006136977551182934,0.006136977612529581,166,0.0016323795491438161,0.006136977551182934,0.006136977612529581,166,0.0016323795491438161,0.007344900400183896,0.0073449004735994675,194,0.0016323795491438161,0.007414960538368933,0.007414960612482321,192,0.0016323795491438161,0.005726007600166193,0.005726007657404249,161,0.0016323795491438161
14,0.9999949655878757,5.03441212429401e-06,0.8213784146177635,1.5331451656810362,1.1565181874080952,0.0012113364195728228,0.0006489702411418498,0.0008603112330704699,0.00028338187173640705,0.00047635293631654273,0.00028338187173640705,0.0012113364195728228,0.0006489702411418498,0.0008603112330704699,0.006279617689971939,0.006279617752736494,130,0.0022618013889471886,0.0062593834584764715,0.006259383521040352,216,0.0012117540338774434,0.00965210097741082,0.009652101073886282,245,0.0016063688917830612,0.006279617689971939,0.006279617752736494,130,0.0022618013889471886,0.0062593834584764715,0.006259383521040352,216,0.0012117540338774434,0.00965210097741082,0.009652101073886282,245,0.0016063688917830612,0.006575709030553886,0.00657570909628185,197,0.001411730173965584,0.006720640019205793,0.006720640086383988,204,0.001411730173965584,0.006632450517774998,0.006632450584067993,200,0.001411730173965584,0.00829988257527928,0.008299882658240469,254,0.001411730173965584,0.00829988257527928,0.008299882658240469,254,0.001411730173965584,0.006632450517774998,0.006632450584067993,200,0.001411730173965584,0.006720640019205793,0.006720640086383988,204,0.001411730173965584,0.006575709030553886,0.00657570909628185,197,0.001411730173965584
15,0.9999948004295495,5.19957045053143e-06,0.8213784146177635,1.4153632603078228,1.2247582765411864,0.0012111353449828855,0.0007028587341833534,0.0008122422592309194,0.0002873899880102684,0.00048669224169368486,0.0002873899880102684,0.0012111353449828855,0.0007028587341833534,0.0008122422592309194,0.005738119688064678,0.00573811974541705,122,0.002258991067823773,0.007563618378186185,0.007563618453790902,240,0.0013109613298293724,0.010167234210064059,0.010167234311687864,286,0.001514981802911199,0.005738119688064678,0.00573811974541705,122,0.002258991067823773,0.007563618378186185,0.007563618453790902,240,0.0013109613298293724,0.010167234210064059,0.010167234311687864,286,0.001514981802911199,0.007233984766448631,0.0072339848387592935,211,0.0013945898519469734,0.007412411182755804,0.0074124112568427925,230,0.0013945898519469734,0.006971135254143288,0.006971135323822951,213,0.0013945898519469734,0.007304165167199389,0.00730416524020943,219,0.0013945898519469734,0.007304165167199389,0.00730416524020943,219,0.0013945898519469734,0.006971135254143288,0.006971135323822951,213,0.0013945898519469734,0.007412411182755804,0.0074124112568427925,230,0.0013945898519469734,0.007233984766448631,0.0072339848387592935,211,0.0013945898519469734
16,0.9999946724644592,5.32753554083332e-06,0.8213784146177635,1.0113088964675776,1.0660326782205995,0.0012109795518882454,0.0009835496038241227,0.0009330600128738868,0.0003431419620156749,0.0005908713102482573,0.0003431419620156749,0.0012109795518882454,0.0009835496038241227,0.0009330600128738868,0.006769963110319794,0.0067699631779926835,141,0.0022568441832423445,0.014455186788884997,0.014455186933365023,307,0.0018329939583700162,0.011521496246631905,0.011521496361797721,273,0.0017388989429152543,0.006769963110319794,0.0067699631779926835,141,0.0022568441832423445,0.014455186788884997,0.014455186933365023,307,0.0018329939583700162,0.011521496246631905,0.011521496361797721,273,0.0017388989429152543,0.010269143504492744,0.010269143607141337,261,0.001708099722850346,0.009575424557186548,0.009575424652900653,227,0.001708099722850346,0.008024506700233221,0.008024506780441868,208,0.001708099722850346,0.010154876014273428,0.01015487611577438,242,0.001708099722850346,0.010154876014273428,0.01015487611577438,242,0.001708099722850346,0.008024506700233221,0.008024506780441868,208,0.001708099722850346,0.009575424557186548,0.009575424652900653,227,0.001708099722850346,0.010269143504492744,0.010269143607141337,261,0.001708099722850346
17,0.9999944998331917,5.50016680833654e-06,0.8213784146177635,1.302371239656546,1.736253457817651,0.0012107693792400057,0.0007636070291679301,0.0005727849403035351,0.0002576422361092119,0.00042854393387544603,0.0002576422361092119,0.0012107693792400057,0.0007636070291679301,0.0005727849403035351,0.005471430109226769,0.005471430163922224,121,0.0022539883764131946,0.008647476941022518,0.008647477027460099,273,0.0014215435221629825,0.007441520705589272,0.007441520779970378,286,0.001066305953689612,0.005471430109226769,0.005471430163922224,121,0.0022539883764131946,0.008647476941022518,0.008647477027460099,273,0.0014215435221629825,0.007441520705589272,0.007441520779970378,286,0.001066305953689612,0.006851965155147638,0.006851965223632593,237,0.0012285271055908476,0.006898881477662285,0.006898881546620614,249,0.0012285271055908476,0.0063965266038741135,0.0063965266678116545,218,0.0012285271055908476,0.007074451008811404,0.007074451079524629,245,0.0012285271055908476,0.007074451008811404,0.007074451079524629,245,0.0012285271055908476,0.0063965266038741135,0.0063965266678116545,218,0.0012285271055908476,0.006898881477662285,0.006898881546620614,249,0.0012285271055908476,0.006851965155147638,0.006851965223632593,237,0.0012285271055908476
18,0.9999942152718732,5.78472812684527e-06,0.8213784146177635,1.3285636421805567,1.0276158730646703,0.0012104229356169672,0.0007483384614095335,0.0009674969975979298,0.00031288659209964813,0.0005317542598017068,0.00031288659209964813,0.0012104229356169672,0.0007483384614095335,0.0009674969975979298,0.006033247123974476,0.00603324718428762,126,0.0022493770554892225,0.0062091778423016535,0.00620917790436511,188,0.0013906671092420394,0.010908619952804916,0.010908620061844943,251,0.0017979381285783591,0.006033247123974476,0.00603324718428762,126,0.0022493770554892225,0.0062091778423016535,0.00620917790436511,188,0.0013906671092420394,0.010908619952804916,0.010908620061844943,251,0.0017979381285783591,0.005930617070064397,0.0059306171293408184,191,0.001509797145644733,0.007064726550253612,0.007064726620870879,206,0.001509797145644733,0.007936040105973135,0.007936040185297952,218,0.001509797145644733,0.0073920172989838055,0.007392017372867807,206,0.001509797145644733,0.0073920172989838055,0.007392017372867807,206,0.001509797145644733,0.007936040105973135,0.007936040185297952,218,0.001509797145644733,0.007064726550253612,0.007064726620870879,206,0.001509797145644733,0.005930617070064397,0.0059306171293408184,191,0.001509797145644733
19,0.9999917977476402,8.20225235975691e-06,0.8213784146177635,1.209561655729598,1.2075175807434206,0.0012074796829199045,0.000819964606964716,0.00082135263573496,0.00030625620418591923,0.0005230284549927857,0.00030625620418591923,0.0012074796829199045,0.000819964606964716,0.00082135263573496,0.006126567402601982,0.006126567463843743,131,0.002214057684537811,0.00901696100235001,0.009016961092481728,243,0.001503502679820808,0.008494411931687353,0.00849441201659331,226,0.0015060477957416704,0.006126567402601982,0.006126567463843743,131,0.002214057684537811,0.00901696100235001,0.009016961092481728,243,0.001503502679820808,0.008494411931687353,0.00849441201659331,226,0.0015060477957416704,0.006475956028572569,0.00647595609330672,191,0.0015121329649064538,0.008977420603938354,0.008977420693667752,253,0.0015121329649064538,0.008860747356905922,0.00886074744547452,239,0.0015121329649064538,0.006791862862505545,0.0067918629303936095,185,0.0015121329649064538,0.006791862862505545,0.0067918629303936095,185,0.0015121329649064538,0.008860747356905922,0.00886074744547452,239,0.0015121329649064538,0.008977420603938354,0.008977420693667752,253,0.0015121329649064538,0.006475956028572569,0.00647595609330672,191,0.0015121329649064538
20,0.9999917792203681,8.22077963191781e-06,0.8213784146177635,1.0411205601896527,0.925767830397764,0.0012074571265989337,0.0009526074676539745,0.0010713044759166302,0.00035569738825326307,0.0006132336390042555,0.00035569738825326307,0.0012074571265989337,0.0009526074676539745,0.0010713044759166302,0.005062784262009734,0.0050627843126124575,115,0.002213808828057692,0.008651747636847684,0.008651747723325078,206,0.0017465554470709875,0.011648786505312338,0.011648786621747583,240,0.0019641801386375193,0.005062784262009734,0.0050627843126124575,115,0.002213808828057692,0.008651747636847684,0.008651747723325078,206,0.0017465554470709875,0.011648786505312338,0.011648786621747583,240,0.0019641801386375193,0.006503368801817901,0.0065033688668209525,160,0.0017734268630493044,0.006766751840025908,0.006766751907660717,169,0.0017734268630493044,0.008195743215156065,0.00819574329707606,192,0.0017734268630493044,0.007185140378815654,0.007185140450636014,194,0.0017734268630493044,0.007185140378815654,0.007185140450636014,194,0.0017734268630493044,0.008195743215156065,0.00819574329707606,192,0.0017734268630493044,0.006766751840025908,0.006766751907660717,169,0.0017734268630493044,0.006503368801817901,0.0065033688668209525,160,0.0017734268630493044
21,0.9999914531930443,8.54680695572263e-06,0.8213784146177635,1.2736410056530114,1.5827762767589086,0.0012070601995334026,0.0007784400695646709,0.0006264013478084039,0.0002695781045808716,0.00045243993100786706,0.0002695781045808716,0.0012070601995334026,0.0007784400695646709,0.0006264013478084039,0.005800016840169526,0.0058000168981502745,130,0.002209474684734572,0.005523215054712238,0.0055232151099242,166,0.0014249029401773125,0.007186198282859071,0.00718619835468658,247,0.001146602233261676,0.005800016840169526,0.0058000168981502745,130,0.002209474684734572,0.005523215054712238,0.0055232151099242,166,0.0014249029401773125,0.007186198282859071,0.00718619835468658,247,0.001146602233261676,0.005756017970864748,0.0057560180284003636,200,0.0012790235982336362,0.005944220339239196,0.0059442203986556,204,0.0012790235982336362,0.006779387987808857,0.006779388055574988,222,0.0012790235982336362,0.005889923211030889,0.005889923269906636,201,0.0012790235982336362,0.005889923211030889,0.005889923269906636,201,0.0012790235982336362,0.006779387987808857,0.006779388055574988,222,0.0012790235982336362,0.005944220339239196,0.0059442203986556,204,0.0012790235982336362,0.005756017970864748,0.0057560180284003636,200,0.0012790235982336362
22,0.9999894111260954,1.05888739045934e-05,0.8213784146177635,0.7974976864578719,1.2483360547799365,0.0012045740531821036,0.0012406445095620674,0.0007925839538991996,0.0003450777522939076,0.0005841318847078569,0.0003450777522939076,0.0012045740531821036,0.0012406445095620674,0.0007925839538991996,0.005513857295257967,0.005513857350376676,123,0.0021840278923482438,0.011203596746028319,0.011203596858014543,206,0.002249427676293002,0.006793333718259112,0.0067933337861608035,193,0.001437043623653261,0.005513857295257967,0.005513857350376676,123,0.0021840278923482438,0.011203596746028319,0.011203596858014543,206,0.002249427676293002,0.006793333718259112,0.0067933337861608035,193,0.001437043623653261,0.0055214247653291824,0.005521424820517838,153,0.0016777168362669599,0.007879545668967291,0.007879545747728773,197,0.0016777168362669599,0.007435383219422579,0.007435383293741792,179,0.0016777168362669599,0.007836067570183366,0.007836067648510324,190,0.0016777168362669599,0.007836067570183366,0.007836067648510324,190,0.0016777168362669599,0.007435383219422579,0.007435383293741792,179,0.0016777168362669599,0.007879545668967291,0.007879545747728773,197,0.0016777168362669599,0.0055214247653291824,0.005521424820517838,153,0.0016777168362669599
23,0.9999885827401283,1.14172598717488e-05,0.8213784146177635,1.0208096620144378,1.0100583487649788,0.0012035655217287264,0.0009684300383435837,0.0009787382494634148,0.0003465979416517214,0.0005975592339522703,0.0003465979416517214,0.0012035655217287264,0.0009684300383435837,0.0009787382494634148,0.0046820978230497756,0.004682097869849572,110,0.0021744139363298774,0.010450459454523378,0.010450459558983497,246,0.001749607922226097,0.009865063323301749,0.009865063421907662,221,0.0017682311857817007,0.0046820978230497756,0.004682097869849572,110,0.0021744139363298774,0.010450459454523378,0.010450459558983497,246,0.001749607922226097,0.009865063323301749,0.009865063421907662,221,0.0017682311857817007,0.006358778792500276,0.006358778856058869,169,0.0017217056705970924,0.006570497953058021,0.006570498018734321,161,0.0017217056705970924,0.007673241089122859,0.007673241165825486,188,0.0017217056705970924,0.006737425198303441,0.006737425265651161,170,0.0017217056705970924,0.006737425198303441,0.006737425265651161,170,0.0017217056705970924,0.007673241089122859,0.007673241165825486,188,0.0017217056705970924,0.006570497953058021,0.006570498018734321,161,0.0017217056705970924,0.006358778792500276,0.006358778856058869,169,0.0017217056705970924
24,0.9999868239874061,1.3176012593874e-05,0.8213784146177635,0.9951578217206101,1.154475343124844,0.0012014243007101714,0.000991625615416834,0.0008547813457232594,0.00033215083852984124,0.000569950698361947,0.00033215083852984124,0.0012014243007101714,0.000991625615416834,0.0008547813457232594,0.005732205327786193,0.005732205385087456,124,0.0021550969561057614,0.009743211490906102,0.009743211588293936,219,0.00177876320973206,0.007431063851826807,0.007431063926106863,201,0.0015332940038047184,0.005732205327786193,0.005732205385087456,124,0.0021550969561057614,0.009743211490906102,0.009743211588293936,219,0.00177876320973206,0.007431063851826807,0.007431063926106863,201,0.0015332940038047184,0.006051226473388011,0.006051226533871089,166,0.0016126592177647479,0.008672393634492388,0.008672393721178815,221,0.0016126592177647479,0.0074515644898151875,0.0074515645642929985,189,0.0016126592177647479,0.006957255887992973,0.00695725595753174,189,0.0016126592177647479,0.006957255887992973,0.00695725595753174,189,0.0016126592177647479,0.0074515644898151875,0.0074515645642929985,189,0.0016126592177647479,0.008672393634492388,0.008672393721178815,221,0.0016126592177647479,0.006051226473388011,0.006051226533871089,166,0.0016126592177647479
25,0.9999861964971261,1.38035028739436e-05,0.8213784146177635,1.1305495162478387,1.1081955799007497,0.0012006603528584524,0.0008723160577683945,0.0008899119568890576,0.00032227342904806653,0.0005529531044324602,0.00032227342904806653,0.0012006603528584524,0.0008723160577683945,0.0008899119568890576,0.0057036284437044765,0.005703628500723435,117,0.002148520621922565,0.011075438428983758,0.01107543853968731,272,0.0015609652092597594,0.01162087453975922,0.01162087465591001,294,0.00159245217560458,0.0057036284437044765,0.005703628500723435,117,0.002148520621922565,0.011075438428983758,0.01107543853968731,272,0.0015609652092597594,0.01162087453975922,0.01162087465591001,294,0.00159245217560458,0.007523589195938658,0.007523589271142881,195,0.0015483815563910777,0.008024491854057758,0.008024491934267117,217,0.0015483815563910777,0.008345842214110645,0.008345842297527835,214,0.0015483815563910777,0.008421218683296275,0.008421218767473124,219,0.0015483815563910777,0.008421218683296275,0.008421218767473124,219,0.0015483815563910777,0.008345842214110645,0.008345842297527835,214,0.0015483815563910777,0.008024491854057758,0.008024491934267117,217,0.0015483815563910777,0.007523589195938658,0.007523589271142881,195,0.0015483815563910777
26,0.9999858955586922,1.41044413077829e-05,0.8213784146177635,1.0436197155385836,1.2371640634729621,0.00120029397065489,0.0009446885144201978,0.0007968996091950583,0.0003178091592749205,0.0005431804052601533,0.0003178091592749205,0.00120029397065489,0.0009446885144201978,0.0007968996091950583,0.004798231920369914,0.004798231968335175,108,0.00214541974397683,0.010256322783792649,0.01025632288630909,257,0.0016885475061075416,0.008836354600282327,0.008836354688606322,249,0.0014243878560863555,0.004798231920369914,0.004798231968335175,108,0.00214541974397683,0.010256322783792649,0.01025632288630909,257,0.0016885475061075416,0.008836354600282327,0.008836354688606322,249,0.0014243878560863555,0.005641026812768837,0.0056410268691516295,158,0.0015108321792937944,0.006500230234529101,0.006500230299499523,177,0.0015108321792937944,0.007955764446249885,0.00795576452576864,224,0.0015108321792937944,0.007577679971881652,0.007577680047620493,204,0.0015108321792937944,0.007577679971881652,0.007577680047620493,204,0.0015108321792937944,0.007955764446249885,0.00795576452576864,224,0.0015108321792937944,0.006500230234529101,0.006500230299499523,177,0.0015108321792937944,0.005641026812768837,0.0056410268691516295,158,0.0015108321792937944
27,0.999984918272474,1.50817275259563e-05,0.8213784146177635,1.0859290862507442,1.058220218122727,0.0011991041582579602,0.0009069821270484605,0.0009307309155543515,0.00033212243007006004,0.0005711485758482377,0.00033212243007006004,0.0011991041582579602,0.0009069821270484605,0.0009307309155543515,0.005998334258487401,0.005998334318448122,135,0.0021355714995614328,0.011336570389986596,0.011336570503296553,267,0.0016153102028686425,0.010741951996065154,0.010741952103438564,255,0.0016576061414933355,0.005998334258487401,0.005998334318448122,135,0.0021355714995614328,0.011336570389986596,0.011336570503296553,267,0.0016153102028686425,0.010741951996065154,0.010741952103438564,255,0.0016576061414933355,0.0086590578709776,0.008659057957524693,218,0.0015811434948169417,0.008907809762622355,0.008907809851655263,224,0.0015811434948169417,0.008693386282559697,0.008693386369448955,235,0.0015811434948169417,0.007055236557641035,0.007055236628160126,188,0.0015811434948169417,0.007055236557641035,0.007055236628160126,188,0.0015811434948169417,0.008693386282559697,0.008693386369448955,235,0.0015811434948169417,0.008907809762622355,0.008907809851655263,224,0.0015811434948169417,0.0086590578709776,0.008659057957524693,218,0.0015811434948169417
28,0.9999836112575723,1.63887424277087e-05,0.8213784146177635,1.2155950198792778,0.8644090820468878,0.0011975129125213304,0.0008091603218880862,0.001137900188695284,0.0003390146773003684,0.0005776425508168118,0.0003390146773003684,0.0011975129125213304,0.0008091603218880862,0.001137900188695284,0.0054726636179437665,0.005472663672650456,119,0.0021228865880547317,0.010808715633903298,0.01080871574194347,279,0.0014344359688828578,0.015184231085577173,0.015184231237342593,290,0.002017208352300868,0.0054726636179437665,0.005472663672650456,119,0.0021228865880547317,0.010808715633903298,0.01080871574194347,279,0.0014344359688828578,0.015184231085577173,0.015184231237342593,290,0.002017208352300868,0.008338542674570446,0.00833854275791635,199,0.0016332364464339499,0.007561090802904645,0.00756109087848179,190,0.0016332364464339499,0.008183310928267854,0.0081833110100595,207,0.0016332364464339499,0.008171225875240887,0.008171225956912036,204,0.0016332364464339499,0.008171225875240887,0.008171225956912036,204,0.0016332364464339499,0.008183310928267854,0.0081833110100595,207,0.0016332364464339499,0.007561090802904645,0.00756109087848179,190,0.0016332364464339499,0.008338542674570446,0.00833854275791635,199,0.0016332364464339499
29,0.9999834265024687,1.65734975312581e-05,0.8213784146177635,1.0970942953639278,1.0715287237781947,0.0011972879795297817,0.0008963919570294142,0.0009177789457659425,0.0003289050270555998,0.0005652948104363642,0.0003289050270555998,0.0011972879795297817,0.0008963919570294142,0.0009177789457659425,0.0053269886902966605,0.005326988743540597,120,0.0021211349083711255,0.008604545691592868,0.00860454577759819,223,0.0015880626082832108,0.00934225792281136,0.00934225801618718,228,0.0016259521462804155,0.0053269886902966605,0.005326988743540597,120,0.0021211349083711255,0.008604545691592868,0.00860454577759819,223,0.0015880626082832108,0.00934225792281136,0.00934225801618718,228,0.0016259521462804155,0.0061676814449484075,0.0061676815066025355,165,0.0015456511569227082,0.007378810663695829,0.007378810737452035,195,0.0015456511569227082,0.0077350121933382684,0.007735012270649407,213,0.0015456511569227082,0.007283658901962611,0.007283658974762081,190,0.0015456511569227082,0.007283658901962611,0.007283658974762081,190,0.0015456511569227082,0.0077350121933382684,0.007735012270649407,213,0.0015456511569227082,0.007378810663695829,0.007378810737452035,195,0.0015456511569227082,0.0061676814449484075,0.0061676815066025355,165,0.0015456511569227082
30,0.9999831413238557,1.68586761443157e-05,0.8213784146177635,0.9661898113403267,0.8018392726650493,0.0011969407843648095,0.0010175447022040807,0.0012261077217947584,0.000379678101795748,0.0006552628120122556,0.000379678101795748,0.0011969407843648095,0.0010175447022040807,0.0012261077217947584,0.005347041950863088,0.00534704200431343,120,0.0021184501603958563,0.0077900769394857634,0.007790077017354999,179,0.0018009393327992644,0.009513026087005308,0.009513026182092106,175,0.0021700723492993125,0.005347041950863088,0.00534704200431343,120,0.0021184501603958563,0.0077900769394857634,0.007790077017354999,179,0.0018009393327992644,0.009513026087005308,0.009513026182092106,175,0.0021700723492993125,0.006209239763300667,0.006209239825368093,155,0.0017569413662551709,0.007606263628972372,0.0076062637049969135,186,0.0017569413662551709,0.0071904424524124,0.00719044252428689,177,0.0017569413662551709,0.006805227729106906,0.006805227797127297,174,0.0017569413662551709,0.006805227729106906,0.006805227797127297,174,0.0017569413662551709,0.0071904424524124,0.00719044252428689,177,0.0017569413662551709,0.007606263628972372,0.0076062637049969135,186,0.0017569413662551709,0.006209239763300667,0.006209239825368093,155,0.0017569413662551709
31,0.999981994804659,1.80051953410088e-05,0.8213784146177635,0.7940563599026041,1.246829685346823,0.0011955449366356733,0.0012366814929592046,0.0007875933787901019,0.00034308318411069137,0.0005806888204871543,0.00034308318411069137,0.0011955449366356733,0.0012366814929592046,0.0007875933787901019,0.00630604668105192,0.006306046744089291,139,0.0021078791314828975,0.012107813649660857,0.012107813770685195,219,0.0021804074706178954,0.007389796459565832,0.007389796533427029,213,0.0013886150125962768,0.00630604668105192,0.006306046744089291,139,0.0021078791314828975,0.012107813649660857,0.012107813770685195,219,0.0021804074706178954,0.007389796459565832,0.007389796533427029,213,0.0013886150125962768,0.006315211060252974,0.006315211123374542,165,0.0015901914185660973,0.008538266308049046,0.008538266393392675,225,0.0015901914185660973,0.008126798599099753,0.00812679868033006,205,0.0015901914185660973,0.008648764824506699,0.008648764910950409,223,0.0015901914185660973,0.008648764824506699,0.008648764910950409,223,0.0015901914185660973,0.008126798599099753,0.00812679868033006,205,0.0015901914185660973,0.008538266308049046,0.008538266393392675,225,0.0015901914185660973,0.006315211060252974,0.006315211123374542,165,0.0015901914185660973
32,0.9999807400686458,1.92599313542097e-05,0.8213784146177635,1.1993380073401017,0.8891389692332397,0.0011940173386449978,0.0008177345024005702,0.0011030222525148159,0.0003370408273934529,0.0005755490806347655,0.0003370408273934529,0.0011940173386449978,0.0008177345024005702,0.0011030222525148159,0.006402549090364709,0.006402549154362393,134,0.002096689191211374,0.009423467984142932,0.00942346807833017,264,0.0014359381869693672,0.013574167182858313,0.013574167318541374,263,0.0019369022204802694,0.006402549090364709,0.006402549154362393,134,0.002096689191211374,0.009423467984142932,0.00942346807833017,264,0.0014359381869693672,0.013574167182858313,0.013574167318541374,263,0.0019369022204802694,0.007175683497831664,0.007175683569560189,189,0.0015595520612694726,0.009661679446255476,0.009661679542823877,237,0.0015595520612694726,0.009418439582246106,0.009418439676383748,239,0.0015595520612694726,0.008585390709429232,0.008585390795247113,218,0.0015595520612694726,0.008585390709429232,0.008585390795247113,218,0.0015595520612694726,0.009418439582246106,0.009418439676383748,239,0.0015595520612694726,0.009661679446255476,0.009661679542823877,237,0.0015595520612694726,0.007175683497831664,0.007175683569560189,189,0.0015595520612694726
33,0.9999807199896826,1.92800103173685e-05,0.8213784146177635,1.1196366494251029,1.4106309012510494,0.0011939928932023338,0.0008759270163110304,0.0006952350106704994,0.0002926084675525708,0.0004954566967556736,0.0002926084675525708,0.0011939928932023338,0.0008759270163110304,0.0006952350106704994,0.0060937586781274495,0.006093758739039046,127,0.002096513135189881,0.008922404537903595,0.008922404627084095,223,0.001538026319602693,0.006996901079907993,0.0069969011498445845,226,0.0012207521001279358,0.0060937586781274495,0.006093758739039046,127,0.002096513135189881,0.008922404537903595,0.008922404627084095,223,0.001538026319602693,0.006996901079907993,0.0069969011498445845,226,0.0012207521001279358,0.006428122530972493,0.006428122595224775,184,0.0013787977714308443,0.007162372763760439,0.007162372835355044,226,0.0013787977714308443,0.00817904663076812,0.008179046712523846,249,0.0013787977714308443,0.0068401990864185944,0.006840199154789797,209,0.0013787977714308443,0.0068401990864185944,0.006840199154789797,209,0.0013787977714308443,0.00817904663076812,0.008179046712523846,249,0.0013787977714308443,0.007162372763760439,0.007162372835355044,226,0.0013787977714308443,0.006428122530972493,0.006428122595224775,184,0.0013787977714308443
34,0.9999804245786236,1.95754213764276e-05,0.8213784146177635,1.1161179720399759,0.858261217195134,0.0011936332403879345,0.0008784237895864558,0.0011423382054114143,0.00035068296953704727,0.000601476815294836,0.00035068296953704727,0.0011936332403879345,0.0008784237895864558,0.0011423382054114143,0.005809438407915481,0.005809438465988583,136,0.0020939334349840194,0.008693138421474938,0.008693138508364331,231,0.001540976642458992,0.014374839619071832,0.014374839762747893,283,0.0020039490200467287,0.005809438407915481,0.005809438465988583,136,0.0020939334349840194,0.008693138421474938,0.008693138508364331,231,0.001540976642458992,0.014374839619071832,0.014374839762747893,283,0.0020039490200467287,0.007361727792272805,0.007361727865857631,186,0.0016709969500002776,0.007944752889167479,0.00794475296857438,191,0.0016709969500002776,0.008534221262646254,0.00853422134794998,213,0.0016709969500002776,0.007795701529694599,0.007795701607618744,190,0.0016709969500002776,0.007795701529694599,0.007795701607618744,190,0.0016709969500002776,0.008534221262646254,0.00853422134794998,213,0.0016709969500002776,0.007944752889167479,0.00794475296857438,191,0.0016709969500002776,0.007361727792272805,0.007361727865857631,186,0.0016709969500002776
35,0.9999789260363197,2.10739636803403e-05,0.8213784146177635,1.4466832742892417,1.513867317334655,0.0011918088166144104,0.0006766692155193164,0.0006466392563660955,0.00025884304932816214,0.0004352136914697159,0.00025884304932816214,0.0011918088166144104,0.0006766692155193164,0.0006466392563660955,0.005872933745128412,0.005872933803829445,129,0.002081137231096323,0.008634733227192066,0.008634733313497088,282,0.0011816001676799171,0.00832013718801668,0.00832013727118168,275,0.0011291618359854057,0.005872933745128412,0.005872933803829445,129,0.002081137231096323,0.008634733227192066,0.008634733313497088,282,0.0011816001676799171,0.00832013718801668,0.00832013727118168,275,0.0011291618359854057,0.007928470124500323,0.00792847020374924,246,0.001223329839171424,0.00809664876103158,0.008096648841961106,255,0.001223329839171424,0.006401931300501155,0.006401931364494118,212,0.001223329839171424,0.007017730118343272,0.007017730188488936,232,0.001223329839171424,0.007017730118343272,0.007017730188488936,232,0.001223329839171424,0.006401931300501155,0.006401931364494118,212,0.001223329839171424,0.00809664876103158,0.008096648841961106,255,0.001223329839171424,0.007928470124500323,0.00792847020374924,246,0.001223329839171424
36,0.99997863981606,2.13601839399447e-05,0.8213784146177635,1.016142362704502,1.42619906205823,0.0011914603532871782,0.000963093216051199,0.0006861873928388449,0.0002998541125541902,0.0005059579511902087,0.0002998541125541902,0.0011914603532871782,0.000963093216051199,0.0006861873928388449,0.006441884097145172,0.006441884161535507,133,0.002078745510143701,0.01113388825077474,0.011133888362064798,245,0.0016803124780382325,0.00825296679872306,0.008252966881211847,269,0.001197193811817213,0.006441884097145172,0.006441884161535507,133,0.002078745510143701,0.01113388825077474,0.011133888362064798,245,0.0016803124780382325,0.00825296679872306,0.008252966881211847,269,0.001197193811817213,0.007591886355756533,0.007591886431637953,216,0.001407600932644289,0.008192831265537527,0.008192831347425232,229,0.001407600932644289,0.008238761483713782,0.008238761566060418,226,0.001407600932644289,0.008093467311222725,0.008093467392120432,223,0.001407600932644289,0.008093467311222725,0.008093467392120432,223,0.001407600932644289,0.008238761483713782,0.008238761566060418,226,0.001407600932644289,0.008192831265537527,0.008192831347425232,229,0.001407600932644289,0.007591886355756533,0.007591886431637953,216,0.001407600932644289
37,0.9999782017135218,2.17982864781918e-05,0.8213784146177635,1.0773304169295483,0.9832256512452976,0.001190926978491697,0.0009079867217589222,0.00099489035124348,0.0003394253822769596,0.0005843749125481422,0.0003394253822769596,0.001190926978491697,0.0009079867217589222,0.00099489035124348,0.004942599787055913,0.004942599836465975,116,0.0020751154501620858,0.006510857259972198,0.006510857325053622,173,0.0015821098261207106,0.010274621182619827,0.010274621285319183,235,0.001733533941516065,0.004942599787055913,0.004942599836465975,116,0.0020751154501620858,0.006510857259972198,0.006510857325053622,173,0.0015821098261207106,0.010274621182619827,0.010274621285319183,235,0.001733533941516065,0.005372838035813193,0.005372838089516817,144,0.0016057598109833662,0.00640892726401371,0.006408927328077554,171,0.0016057598109833662,0.007900498655325335,0.007900498734291859,202,0.0016057598109833662,0.006357956556924614,0.006357956620471276,175,0.0016057598109833662,0.006357956556924614,0.006357956620471276,175,0.0016057598109833662,0.007900498655325335,0.007900498734291859,202,0.0016057598109833662,0.00640892726401371,0.006408927328077554,171,0.0016057598109833662,0.005372838035813193,0.005372838089516817,144,0.0016057598109833662
38,0.9999775387838377,2.24612161623394e-05,0.8213784146177635,0.9519296604159077,0.9185578672841623,0.001190119884379307,0.0010269023274360994,0.0010642103439022015,0.0003631454183765335,0.0006277917963567819,0.0003631454183765335,0.001190119884379307,0.0010269023274360994,0.0010642103439022015,0.005767157318432954,0.005767157376081858,124,0.0020696911727252575,0.009390536752511704,0.009390536846368976,208,0.001785845871698866,0.009759758483245798,0.009759758580803898,209,0.001850726791146784,0.005767157318432954,0.005767157376081858,124,0.0020696911727252575,0.009390536752511704,0.009390536846368976,208,0.001785845871698866,0.009759758483245798,0.009759758580803898,209,0.001850726791146784,0.006455772606163621,0.006455772670696567,159,0.0017040871896227016,0.00856610032922489,0.008566100414847231,205,0.0017040871896227016,0.009380864444893621,0.009380864538657122,223,0.0017040871896227016,0.007042533785072992,0.007042533855468307,168,0.0017040871896227016,0.007042533785072992,0.007042533855468307,168,0.0017040871896227016,0.009380864444893621,0.009380864538657122,223,0.0017040871896227016,0.00856610032922489,0.008566100414847231,205,0.0017040871896227016,0.006455772606163621,0.006455772670696567,159,0.0017040871896227016
39,0.9999744085017265,2.5591498273525e-05,0.8213784146177635,0.8955864038793877,1.2628868443470505,0.0011863088734588136,0.0010880117178060833,0.0007715722957209068,0.0003269989959159692,0.0005559775718764897,0.0003269989959159692,0.0011863088734588136,0.0010880117178060833,0.0007715722957209068,0.005073766553968937,0.005073766604684918,117,0.0020450976369210416,0.011199545734704202,0.011199545846650089,234,0.001875641532158594,0.008116326046463035,0.008116326127590778,242,0.0013301263389288412,0.005073766553968937,0.005073766604684918,117,0.0020450976369210416,0.011199545734704202,0.011199545846650089,234,0.001875641532158594,0.008116326046463035,0.008116326127590778,242,0.0013301263389288412,0.006084255673765975,0.006084255734584423,171,0.001499728835471671,0.008430502256573404,0.008430502340834839,220,0.001499728835471671,0.006751849693669967,0.0067518497611599865,184,0.001499728835471671,0.006990669872015807,0.006990669941891625,185,0.001499728835471671,0.006990669872015807,0.006990669941891625,185,0.001499728835471671,0.006751849693669967,0.0067518497611599865,184,0.001499728835471671,0.008430502256573404,0.008430502340834839,220,0.001499728835471671,0.006084255673765975,0.006084255734584423,171,0.001499728835471671
40,0.9999742592136068,2.57407863931691e-05,0.8213784146177635,1.263704298998272,1.3573965890005224,0.0011861271203001565,0.0007709550520478272,0.0007177410209382078,0.0002830109139267043,0.0004803249766801502,0.0002830109139267043,0.0011861271203001565,0.0007709550520478272,0.0007177410209382078,0.00537124639373519,0.005371246447425251,120,0.002043963419501376,0.008684652689410708,0.008684652776220037,249,0.0013285287027808381,0.012715932536610103,0.012715932663707987,368,0.0012368289758875304,0.00537124639373519,0.005371246447425251,120,0.002043963419501376,0.008684652689410708,0.008684652776220037,249,0.0013285287027808381,0.012715932536610103,0.012715932663707987,368,0.0012368289758875304,0.006730544308918727,0.0067305443761908,201,0.0013311111848169428,0.006457753995354058,0.006457754059902815,193,0.0013311111848169428,0.008719843996375157,0.008719844083528784,255,0.0013311111848169428,0.008608981960406568,0.008608982046456281,248,0.0013311111848169428,0.008608981960406568,0.008608982046456281,248,0.0013311111848169428,0.008719843996375157,0.008719844083528784,255,0.0013311111848169428,0.006457753995354058,0.006457754059902815,193,0.0013311111848169428,0.006730544308918727,0.0067305443761908,201,0.0013311111848169428
41,0.9999724444277631,2.75555722368814e-05,0.8213784146177635,0.9621283194974184,0.9168673156273788,0.001183917680884558,0.0010107221750533938,0.0010606163085849442,0.0003601147136840561,0.0006224163385452851,0.0003601147136840561,0.001183917680884558,0.0010107221750533938,0.0010606163085849442,0.005776935339757842,0.005776935397508407,130,0.002030430060919272,0.009123928748111637,0.009123928839309355,210,0.0017333981243804308,0.011083257533824477,0.011083257644610219,238,0.0018189670370013565,0.005776935339757842,0.005776935397508407,130,0.002030430060919272,0.009123928748111637,0.009123928839309355,210,0.0017333981243804308,0.011083257533824477,0.011083257644610219,238,0.0018189670370013565,0.006786347444536778,0.006786347512371496,172,0.0016546257779079384,0.008055841705728302,0.008055841786249292,196,0.0016546257779079384,0.007459730236545444,0.0074597303111120904,184,0.0016546257779079384,0.009066775073248205,0.009066775163871742,215,0.0016546257779079384,0.009066775073248205,0.009066775163871742,215,0.0016546257779079384,0.007459730236545444,0.0074597303111120904,184,0.0016546257779079384,0.008055841705728302,0.008055841786249292,196,0.0016546257779079384,0.006786347444536778,0.006786347512371496,172,0.0016546257779079384
42,0.9999710122751596,2.89877248403902e-05,0.8213784146177635,1.2047500519796719,1.0454782178195372,0.0011821740842899433,0.0008059864978305593,0.0009287733198128562,0.0003161251992588985,0.0005411987923616344,0.0003161251992588985,0.0011821740842899433,0.0008059864978305593,0.0009287733198128562,0.005102945881419886,0.005102945932428385,124,0.0020200619472725686,0.009095656813036541,0.009095656903953066,256,0.0013772444142699332,0.007628588999278483,0.007628589075531305,189,0.0015870586793677412,0.005102945881419886,0.005102945932428385,124,0.0020200619472725686,0.009095656813036541,0.009095656903953066,256,0.0013772444142699332,0.007628588999278483,0.007628589075531305,189,0.0015870586793677412,0.006065005293880223,0.006065005354505692,178,0.001416585283056483,0.007148771384651269,0.00714877145610836,208,0.001416585283056483,0.0071427943378174485,0.007142794409213566,198,0.001416585283056483,0.006421565141486585,0.006421565205669692,190,0.001416585283056483,0.006421565141486585,0.006421565205669692,190,0.001416585283056483,0.0071427943378174485,0.007142794409213566,198,0.001416585283056483,0.007148771384651269,0.00714877145610836,208,0.001416585283056483,0.006065005293880223,0.006065005354505692,178,0.001416585283056483
43,0.999969510522715,3.04894772850117e-05,0.8213784146177635,1.2983731345233553,1.2219777399823752,0.001180345752291885,0.0007467117864189604,0.0007933945856757614,0.00029012240036134523,0.0004938733068535099,0.00029012240036134523,0.001180345752291885,0.0007467117864189604,0.0007933945856757614,0.006038155576529371,0.006038155636879157,133,0.0020094615037233687,0.011386004742846404,0.011386004856653836,332,0.0012712280162587096,0.007481806895969724,0.007481806970756833,213,0.0013507024311159165,0.006038155576529371,0.006038155636879157,133,0.0020094615037233687,0.011386004742846404,0.011386004856653836,332,0.0012712280162587096,0.007481806895969724,0.007481806970756833,213,0.0013507024311159165,0.0066037848929817265,0.006603784958991369,199,0.0013131515676732342,0.007818768034320345,0.007818768112471251,242,0.0013131515676732342,0.007663374023946471,0.00766337410054297,228,0.0013131515676732342,0.008084132846816902,0.008084132927616713,237,0.0013131515676732342,0.008084132846816902,0.008084132927616713,237,0.0013131515676732342,0.007663374023946471,0.00766337410054297,228,0.0013131515676732342,0.007818768034320345,0.007818768112471251,242,0.0013131515676732342,0.0066037848929817265,0.006603784958991369,199,0.0013131515676732342
44,0.9999564152856523,4.3584714347733e-05,0.8213784146177635,1.0113503898817255,1.2129057036251825,0.0011644027510699288,0.0009456814326854914,0.0007885322682479001,0.00031402825358689757,0.0005372922572255578,0.00031402825358689757,0.0011644027510699288,0.0009456814326854914,0.0007885322682479001,0.006268232745881976,0.006268232808535698,137,0.0019263111916788995,0.006547446850329666,0.0065474469157759,165,0.0015644730535642605,0.00742454174894411,0.007424541823158523,217,0.001304495830098443,0.006268232745881976,0.006268232808535698,137,0.0019263111916788995,0.006547446850329666,0.0065474469157759,165,0.0015644730535642605,0.00742454174894411,0.007424541823158523,217,0.001304495830098443,0.005472836839413991,0.005472836894120347,174,0.0013276519209004525,0.0075708523010103185,0.007570852376684542,220,0.0013276519209004525,0.006454158429096692,0.006454158493604638,184,0.0013276519209004525,0.008387680233414782,0.008387680317254505,237,0.0013276519209004525,0.008387680233414782,0.008387680317254505,237,0.0013276519209004525,0.006454158429096692,0.006454158493604638,184,0.0013276519209004525,0.0075708523010103185,0.007570852376684542,220,0.0013276519209004525,0.005472836839413991,0.005472836894120347,174,0.0013276519209004525
45,0.9999550715123738,4.49284876261613e-05,0.8213784146177635,1.0390363975063095,1.216491279413787,0.0011627667532696168,0.0009191896594412058,0.0007851034598711467,0.0003103999550059359,0.0005310782143065931,0.0003103999550059359,0.0011627667532696168,0.0009191896594412058,0.0007851034598711467,0.005837939398194613,0.0058379394565498685,131,0.0019185361557471894,0.008402734305022953,0.008402734389007138,205,0.0015166400231758155,0.007391344949980729,0.007391345023862607,210,0.0012954011365818138,0.005837939398194613,0.0058379394565498685,131,0.0019185361557471894,0.008402734305022953,0.008402734389007138,205,0.0015166400231758155,0.007391344949980729,0.007391345023862607,210,0.0012954011365818138,0.006716463370189923,0.006716463437319219,192,0.001342094267693805,0.00627900751098873,0.006279007573747299,189,0.001342094267693805,0.007623352556069175,0.007623352632268068,215,0.001342094267693805,0.007452494806938952,0.007452494881428828,216,0.001342094267693805,0.007452494806938952,0.007452494881428828,216,0.001342094267693805,0.007623352556069175,0.007623352632268068,215,0.001342094267693805,0.00627900751098873,0.006279007573747299,189,0.001342094267693805,0.006716463370189923,0.006716463437319219,192,0.001342094267693805
46,0.9999470205626795,5.29794373205217e-05,0.8213784146177635,1.2100358179244755,1.1667565376432367,0.0011529649986225586,0.0007826384547052122,0.0008116693861354157,0.00029611319430058054,0.0005061914904106613,0.00029611319430058054,0.0011529649986225586,0.0007826384547052122,0.0008116693861354157,0.00612141886170359,0.006121418922891203,133,0.0018742085149435772,0.009252166853704592,0.009252166946183766,274,0.0012722221903381313,0.01000903335456996,0.010009033454614468,266,0.001319413578583424,0.00612141886170359,0.006121418922891203,133,0.0018742085149435772,0.009252166853704592,0.009252166946183766,274,0.0012722221903381313,0.01000903335456996,0.010009033454614468,266,0.001319413578583424,0.007367311882312398,0.007367311955951045,208,0.001306414703948194,0.008034114772450552,0.008034114852752135,226,0.001306414703948194,0.008188131040785102,0.008188131122627316,225,0.001306414703948194,0.00796353571276974,0.007963535792368751,229,0.001306414703948194,0.00796353571276974,0.007963535792368751,229,0.001306414703948194,0.008188131040785102,0.008188131122627316,225,0.001306414703948194,0.008034114772450552,0.008034114852752135,226,0.001306414703948194,0.007367311882312398,0.007367311955951045,208,0.001306414703948194
47,0.9999444525464534,5.55474535466338e-05,0.8213784146177635,1.3963016613280463,1.0280950861163605,0.0011498385270968757,0.0006763957765079009,0.0009186431870041662,0.0002909790417686257,0.0004922429634734266,0.0002909790417686257,0.0011498385270968757,0.0006763957765079009,0.0009186431870041662,0.006398930983502615,0.006398931047463035,139,0.0018607892574149102,0.006356871541249562,0.006356871604791266,219,0.0010946145611110463,0.011399911321975102,0.011399911435918574,276,0.0014866447187942672,0.006398930983502615,0.006398931047463035,139,0.0018607892574149102,0.006356871541249562,0.006356871604791266,219,0.0010946145611110463,0.011399911321975102,0.011399911435918574,276,0.0014866447187942672,0.006563728637024327,0.006563728702631253,198,0.0012627919448246112,0.007875230064078054,0.007875230142796091,233,0.0012627919448246112,0.008759095506140391,0.008759095593688046,247,0.0012627919448246112,0.00646439607675421,0.006464396141371808,194,0.0012627919448246112,0.00646439607675421,0.006464396141371808,194,0.0012627919448246112,0.008759095506140391,0.008759095593688046,247,0.0012627919448246112,0.007875230064078054,0.007875230142796091,233,0.0012627919448246112,0.006563728637024327,0.006563728702631253,198,0.0012627919448246112
48,0.9999438611998864,5.61388001135699e-05,0.8213784146177635,1.424463255912844,1.33686891764165,0.0011491185829653346,0.0006626083164770856,0.0007060237450571659,0.00026344891016312716,0.00044538720738265445,0.00026344891016312716,0.0011491185829653346,0.0006626083164770856,0.0007060237450571659,0.00574345798388123,0.005743458041291492,130,0.0018577433765232059,0.009699654899402547,0.009699654996353856,327,0.0010712177397636184,0.007438820837448871,0.007438820911803668,264,0.0011414060789648075,0.00574345798388123,0.005743458041291492,130,0.0018577433765232059,0.009699654899402547,0.009699654996353856,327,0.0010712177397636184,0.007438820837448871,0.007438820911803668,264,0.0011414060789648075,0.006743020040734828,0.006743020108132303,224,0.0011036674889684638,0.007180116071695259,0.0071801161434583705,243,0.0011036674889684638,0.008131586627015693,0.008131586708292402,286,0.0011036674889684638,0.0066470265415376345,0.006647026607974029,222,0.0011036674889684638,0.0066470265415376345,0.006647026607974029,222,0.0011036674889684638,0.008131586627015693,0.008131586708292402,286,0.0011036674889684638,0.007180116071695259,0.0071801161434583705,243,0.0011036674889684638,0.006743020040734828,0.006743020108132303,224,0.0011036674889684638
49,0.9999436897848124,5.63102151875938e-05,0.8213784146177635,0.953479305973194,0.9036312342610161,0.0011489098910043884,0.000989732843597114,0.0010443306395706822,0.00035232170104804666,0.0006091066664448924,0.00035232170104804666,0.0011489098910043884,0.000989732843597114,0.0010443306395706822,0.005651725307591927,0.005651725364086312,128,0.001856863461932362,0.008949532372785507,0.008949532462237746,205,0.0015996021696212184,0.012407295947776883,0.012407296071789626,259,0.0016878429039374056,0.005651725307591927,0.005651725364086312,128,0.001856863461932362,0.008949532372785507,0.008949532462237746,205,0.0015996021696212184,0.012407295947776883,0.012407296071789626,259,0.0016878429039374056,0.007136523142188166,0.007136523213516733,185,0.0015150948682150617,0.008109965831878372,0.008109965912933817,201,0.0015150948682150617,0.00866127127622075,0.008661271362792605,223,0.0015150948682150617,0.007134273229210141,0.007134273300515786,182,0.0015150948682150617,0.007134273229210141,0.007134273300515786,182,0.0015150948682150617,0.00866127127622075,0.008661271362792605,223,0.0015150948682150617,0.008109965831878372,0.008109965912933817,201,0.0015150948682150617,0.007136523142188166,0.007136523213516733,185,0.0015150948682150617
50,0.9999403929265362,5.96070734637522e-05,0.8213784146177635,0.9252542096795959,0.988474779140248,0.0011448960793226577,0.0010163616838466307,0.0009513575322114635,0.0003438230342816553,0.0005938262892668891,0.0003438230342816553,0.0011448960793226577,0.0010163616838466307,0.0009513575322114635,0.005185501657513809,0.005185501709343187,121,0.0018401933121733216,0.00821186102734207,0.008211861109417538,186,0.001633599771317491,0.014924311998372368,0.014924312147537627,327,0.0015291184937038015,0.005185501657513809,0.005185501709343187,121,0.0018401933121733216,0.00821186102734207,0.008211861109417538,186,0.001633599771317491,0.014924311998372368,0.014924312147537627,327,0.0015291184937038015,0.006600482158545029,0.006600482224522525,168,0.0015265477355566057,0.0077214118526027775,0.007721411929775165,204,0.0015265477355566057,0.007764573246975874,0.007764573324588394,200,0.0015265477355566057,0.007089241314462836,0.007089241385324436,176,0.0015265477355566057,0.007089241314462836,0.007089241385324436,176,0.0015265477355566057,0.007764573246975874,0.007764573324588394,200,0.0015265477355566057,0.0077214118526027775,0.007721411929775165,204,0.0015265477355566057,0.006600482158545029,0.006600482224522525,168,0.0015265477355566057
51,0.9999377005712213,6.22994287786671e-05,0.8213784146177635,1.1718875168849883,0.9942307490249317,0.0011416182292253913,0.0008001626075106648,0.0009431417929283702,0.0003138750169437054,0.0005381200046198521,0.0003138750169437054,0.0011416182292253913,0.0008001626075106648,0.0009431417929283702,0.006015848678475656,0.006015848738601391,140,0.0018269189044817704,0.00917065703203871,0.009170657123698514,253,0.001280491285876313,0.012973838770689996,0.012973838900363714,309,0.0015092992797397665,0.006015848678475656,0.006015848738601391,140,0.0018269189044817704,0.00917065703203871,0.009170657123698514,253,0.001280491285876313,0.012973838770689996,0.012973838900363714,309,0.0015092992797397665,0.007723771418110748,0.007723771495312649,217,0.0013801839396108658,0.008236130732740788,0.008236130815060777,222,0.0013801839396108658,0.007927359140634875,0.007927359219871536,211,0.0013801839396108658,0.008418162244819973,0.008418162328958641,231,0.0013801839396108658,0.008418162244819973,0.008418162328958641,231,0.0013801839396108658,0.007927359140634875,0.007927359219871536,211,0.0013801839396108658,0.008236130732740788,0.008236130815060777,222,0.0013801839396108658,0.007723771418110748,0.007723771495312649,217,0.0013801839396108658
52,0.9999335906978701,6.64093021298662e-05,0.8213784146177635,1.043463878820791,0.9627397509891685,0.0011366145996257737,0.0008947034169760283,0.0009697228112922551,0.0003301728060240856,0.0005691835640435586,0.0003301728060240856,0.0011366145996257737,0.0008947034169760283,0.0009697228112922551,0.0054931463158394,0.005493146370745185,134,0.001807196952116316,0.008328556887043408,0.008328556970287296,226,0.0014225624840112838,0.010072657074778241,0.010072657175453652,244,0.001541841983678572,0.0054931463158394,0.005493146370745185,134,0.001807196952116316,0.008328556887043408,0.008328556970287296,226,0.0014225624840112838,0.010072657074778241,0.010072657175453652,244,0.001541841983678572,0.006443902417791996,0.0064439024821970285,180,0.0014169639799422075,0.008282233084867315,0.008282233167645049,210,0.0014169639799422075,0.008076331209314377,0.0080763312900425,207,0.0014169639799422075,0.006610839420713761,0.006610839486789541,181,0.0014169639799422075,0.006610839420713761,0.006610839486789541,181,0.0014169639799422075,0.008076331209314377,0.0080763312900425,207,0.0014169639799422075,0.008282233084867315,0.008282233167645049,210,0.0014169639799422075,0.006443902417791996,0.0064439024821970285,180,0.0014169639799422075
53,0.9999330801517845,6.69198482154965e-05,0.8213784146177635,0.8183556168237166,1.1486603198133614,0.0011359930273031086,0.001140189097014602,0.000812320348921491,0.0003346299103507915,0.000571701122800067,0.0003346299103507915,0.0011359930273031086,0.001140189097014602,0.000812320348921491,0.005230114185653162,0.005230114237930286,121,0.0018047901324948126,0.0121672652184265,0.012167265340035923,250,0.0018114565688448158,0.005933191450787797,0.0059331915100880135,188,0.0012905605183499683,0.005230114185653162,0.005230114237930286,121,0.0018047901324948126,0.0121672652184265,0.012167265340035923,250,0.0018114565688448158,0.005933191450787797,0.0059331915100880135,188,0.0012905605183499683,0.006347469196996658,0.006347469260439741,181,0.0013988631078834435,0.006145234430903456,0.0061452344923239414,172,0.0013988631078834435,0.006891805643251185,0.006891805712140743,204,0.0013988631078834435,0.006533468382142355,0.0065334684474461484,192,0.0013988631078834435,0.006533468382142355,0.0065334684474461484,192,0.0013988631078834435,0.006891805643251185,0.006891805712140743,204,0.0013988631078834435,0.006145234430903456,0.0061452344923239414,172,0.0013988631078834435,0.006347469196996658,0.006347469260439741,181,0.0013988631078834435
54,0.9999223709138325,7.76290861674855e-05,0.8213784146177635,0.9566897565237589,0.9458896698089123,0.0011229548980314118,0.0009641275110792792,0.0009751358358936616,0.00033861423989971245,0.0005851607245660521,0.00033861423989971245,0.0011229548980314118,0.0009641275110792792,0.0009751358358936616,0.0047311723566431235,0.004731172403929726,125,0.0017562701468051575,0.0072631830701816325,0.007263183142775287,172,0.0015078685425304868,0.010805578413025548,0.010805578521028791,246,0.0015250852555718805,0.0047311723566431235,0.004731172403929726,125,0.0017562701468051575,0.0072631830701816325,0.007263183142775287,172,0.0015078685425304868,0.010805578413025548,0.010805578521028791,246,0.0015250852555718805,0.0055794521403839704,0.005579452196155071,158,0.0014259063682707678,0.006497894214380218,0.006497894279328452,174,0.0014259063682707678,0.0070762056867400055,0.007076205757461911,186,0.0014259063682707678,0.006715363310952463,0.006715363378074428,179,0.0014259063682707678,0.006715363310952463,0.006715363378074428,179,0.0014259063682707678,0.0070762056867400055,0.007076205757461911,186,0.0014259063682707678,0.006497894214380218,0.006497894279328452,174,0.0014259063682707678,0.0055794521403839704,0.005579452196155071,158,0.0014259063682707678
55,0.9999206945115415,7.93054884584699e-05,0.8213784146177635,0.9302139663736849,0.8548761894785207,0.0011209139358407862,0.0009897663815273245,0.001076991642620777,0.00035323445752420994,0.0006109822798666089,0.00035323445752420994,0.0011209139358407862,0.0009897663815273245,0.001076991642620777,0.005290060001348038,0.005290060054227016,125,0.0017489856970262384,0.0068430521407447506,0.006843052209143361,167,0.0015443533971145021,0.010575676035222609,0.010575676140925831,222,0.001680452814914493,0.005290060001348038,0.005290060054227016,125,0.0017489856970262384,0.0068430521407447506,0.006843052209143361,167,0.0015443533971145021,0.010575676035222609,0.010575676140925831,222,0.001680452814914493,0.005731998271208311,0.005731998328504949,147,0.001492695869724232,0.007549388967635494,0.007549389043090377,188,0.001492695869724232,0.007100649210655262,0.007100649281623725,175,0.001492695869724232,0.006963116239424166,0.006963116309023318,182,0.001492695869724232,0.006963116239424166,0.006963116309023318,182,0.001492695869724232,0.007100649210655262,0.007100649281623725,175,0.001492695869724232,0.007549388967635494,0.007549389043090377,188,0.001492695869724232,0.005731998271208311,0.005731998328504949,147,0.001492695869724232
56,0.9999190346862958,8.09653137041622e-05,0.8213784146177635,1.1463904692941684,1.0839618232802268,0.0011188931556252975,0.0008016768377881074,0.0008478478361101687,0.0003011519607966196,0.0005166830053243248,0.0003011519607966196,0.0011188931556252975,0.0008016768377881074,0.0008478478361101687,0.004684839064765007,0.004684839111595677,115,0.0017418487446896767,0.0064988412750784305,0.006498841340039431,187,0.001248018889495862,0.01744030182847705,0.017440302002790044,417,0.001319896079077388,0.004684839064765007,0.004684839111595677,115,0.0017418487446896767,0.0064988412750784305,0.006498841340039431,187,0.001248018889495862,0.01744030182847705,0.017440302002790044,417,0.001319896079077388,0.005835064973616343,0.005835065031940187,176,0.0012919532834150536,0.006026428987748087,0.006026429047985083,182,0.0012919532834150536,0.007265924268894551,0.007265924341519874,212,0.0012919532834150536,0.0068035284231762905,0.006803528491181716,194,0.0012919532834150536,0.0068035284231762905,0.006803528491181716,194,0.0012919532834150536,0.007265924268894551,0.007265924341519874,212,0.0012919532834150536,0.006026428987748087,0.006026429047985083,182,0.0012919532834150536,0.005835064973616343,0.005835065031940187,176,0.0012919532834150536
57,0.9999084156898567,9.15843101433333e-05,0.8213784146177635,1.2045943478779777,1.4352588122108458,0.0011059648922966839,0.0007541258112806419,0.0006329281396003061,0.0002624544675068623,0.00044401917342433314,0.0002624544675068623,0.0011059648922966839,0.0007541258112806419,0.0006329281396003061,0.00535121754186005,0.005351217595342214,128,0.0016978231899539911,0.006362304154470777,0.0063623042180644095,195,0.0011576970475765073,0.007496429168284906,0.007496429243213273,283,0.0009716403119779742,0.00535121754186005,0.005351217595342214,128,0.0016978231899539911,0.006362304154470777,0.0063623042180644095,195,0.0011576970475765073,0.007496429168284906,0.007496429243213273,283,0.0009716403119779742,0.004584371136629091,0.004584371182453081,160,0.001081042999046083,0.007545422092886387,0.007545422168300375,241,0.001081042999046083,0.00770759323055825,0.007707593307592857,256,0.001081042999046083,0.0067433646945289655,0.006743364761928895,227,0.001081042999046083,0.0067433646945289655,0.006743364761928895,227,0.001081042999046083,0.00770759323055825,0.007707593307592857,256,0.001081042999046083,0.007545422092886387,0.007545422168300375,241,0.001081042999046083,0.004584371136629091,0.004584371182453081,160,0.001081042999046083
58,0.9999069849275312,9.30150724688383e-05,0.8213784146177635,1.7150036171597225,1.3314427983250032,0.0011042229883195308,0.0005288530697284912,0.0006812045764725311,0.00023449483039446545,0.0003907153659752738,0.00023449483039446545,0.0011042229883195308,0.0005288530697284912,0.0006812045764725311,0.005390150755387916,0.005390150809270978,126,0.001692090891838417,0.005319643622662934,0.005319643675832641,228,0.0008104046663348562,0.008632640945278715,0.008632641031562163,298,0.0010438652985136627,0.005390150755387916,0.005390150809270978,126,0.001692090891838417,0.005319643622662934,0.005319643675832641,228,0.0008104046663348562,0.008632640945278715,0.008632641031562163,298,0.0010438652985136627,0.0053134644283486625,0.005313464481454271,204,0.0009296765620756445,0.00632412855185252,0.006324128615062569,242,0.0009296765620756445,0.006570064136754474,0.006570064202424949,240,0.0009296765620756445,0.005961749530530617,0.005961749590121333,219,0.0009296765620756445,0.005961749530530617,0.005961749590121333,219,0.0009296765620756445,0.006570064136754474,0.006570064202424949,240,0.0009296765620756445,0.00632412855185252,0.006324128615062569,242,0.0009296765620756445,0.0053134644283486625,0.005313464481454271,204,0.0009296765620756445
59,0.9999037240988098,9.62759011902126e-05,0.8213784146177635,0.966143619116189,0.9444917404194596,0.0011002530413854637,0.0009353931247181195,0.0009568364233764611,0.0003307904620984599,0.0005715469433054868,0.0003307904620984599,0.0011002530413854637,0.0009353931247181195,0.0009568364233764611,0.004310568467511752,0.004310568510592078,118,0.0016791890256450193,0.009666665641172065,0.009666665737790098,245,0.0014275823929671718,0.00781376771282013,0.007813767790922202,196,0.001460308820821781,0.004310568467511752,0.004310568510592078,118,0.0016791890256450193,0.009666665641172065,0.009666665737790098,245,0.0014275823929671718,0.00781376771282013,0.007813767790922202,196,0.001460308820821781,0.00525308436363327,0.005253084416140136,149,0.0013763345999805619,0.006237743662330019,0.006237743724670662,173,0.0013763345999805619,0.006768421122415852,0.0067684211900647,190,0.0013763345999805619,0.006130877621017195,0.006130877682295144,186,0.0013763345999805619,0.006130877621017195,0.006130877682295144,186,0.0013763345999805619,0.006768421122415852,0.0067684211900647,190,0.0013763345999805619,0.006237743662330019,0.006237743724670662,173,0.0013763345999805619,0.00525308436363327,0.005253084416140136,149,0.0013763345999805619
60,0.9999033447097302,9.66552902698092e-05,0.8213784146177635,1.0436307753618208,1.0959265257166544,0.0010997911482126127,0.0008655788340625937,0.0008242748838831192,0.00030508757922058155,0.0005246259293623588,0.00030508757922058155,0.0010997911482126127,0.0008655788340625937,0.0008242748838831192,0.004921965596114105,0.00492196564530537,122,0.001677702209046726,0.009322491476752882,0.009322491569933134,241,0.0013204175396128622,0.007359783809087796,0.007359783882651733,204,0.0012574094597869057,0.004921965596114105,0.00492196564530537,122,0.001677702209046726,0.009322491476752882,0.009322491569933134,241,0.0013204175396128622,0.007359783809087796,0.007359783882651733,204,0.0012574094597869057,0.006360256533257174,0.006360256596831274,193,0.001240123393223507,0.00666390447400766,0.006663904540611498,193,0.001240123393223507,0.006968511488469165,0.006968511558121214,211,0.001240123393223507,0.005861254721089365,0.00586125477967216,172,0.001240123393223507,0.005861254721089365,0.00586125477967216,172,0.001240123393223507,0.006968511488469165,0.006968511558121214,211,0.001240123393223507,0.00666390447400766,0.006663904540611498,193,0.001240123393223507,0.006360256533257174,0.006360256596831274,193,0.001240123393223507
61,0.9999009466228718,9.90533771282331e-05,0.8213784146177635,0.8913606601531612,0.9693153612818253,0.0010968715598533485,0.001010754303108742,0.0009294669813962738,0.00033591660585293847,0.0005805002658132788,0.00033591660585293847,0.0010968715598533485,0.001010754303108742,0.0009294669813962738,0.004527305984828309,0.004527306030083198,118,0.0016683709173376563,0.010710325824680159,0.010710325931728586,233,0.001537384271414581,0.006587933123058854,0.00658793318891006,167,0.0014137440855832666,0.004527305984828309,0.004527306030083198,118,0.0016683709173376563,0.010710325824680159,0.010710325931728586,233,0.001537384271414581,0.006587933123058854,0.00658793318891006,167,0.0014137440855832666,0.0050511643387198876,0.005051164389205037,143,0.0013838832910624745,0.007159151331070111,0.007159151402627891,188,0.0013838832910624745,0.00648245348846067,0.006482453553256166,179,0.0013838832910624745,0.006117629902370548,0.00611762996351598,169,0.0013838832910624745,0.006117629902370548,0.00611762996351598,169,0.0013838832910624745,0.00648245348846067,0.006482453553256166,179,0.0013838832910624745,0.007159151331070111,0.007159151402627891,188,0.0013838832910624745,0.0050511643387198876,0.005051164389205037,143,0.0013838832910624745
