controller,structure,fid,err,MB_ind,MB_sys,gamma_ind,gamma_sys,magnus_ok,Fmin_attack
1,H0,0.9999998848788966,1.15121103427818e-07,0.0014440584770716405,0.003141726034591105,1.0,0.42363041264429385,1,nan
1,H1,0.9999998848788966,1.15121103427818e-07,0.0015881932082922043,0.002681117326140502,0.2640402500161033,0.08507897369048156,1,nan
1,H2,0.9999998848788966,1.15121103427818e-07,0.0014507525532764546,0.0032099579745141927,0.41127788737238463,0.10352753163365626,1,nan
2,H0,0.9999998206620195,1.79337980465988e-07,0.001440253173705641,0.0029829493911735813,1.0,0.44958754557135316,1,nan
2,H1,0.9999998206620195,1.79337980465988e-07,0.0011641002663663213,0.001967672467565776,0.24921680953330116,0.07331228461981969,1,nan
2,H2,0.9999998206620195,1.79337980465988e-07,0.0012636316711052418,0.001945263723493686,0.21218950886037358,0.07152427536699377,1,nan
3,H0,0.9999995197769479,4.80223052101714e-07,0.0014280690088169642,0.0026231944951354,1.0,0.5175796404836523,1,nan
3,H1,0.9999995197769479,4.80223052101714e-07,0.0012745835847278778,0.0024101918191403305,0.2891370099078091,0.07039845523908499,1,nan
3,H2,0.9999995197769479,4.80223052101714e-07,0.0012902576323761481,0.0028378723081118953,0.40839833496711964,0.1044450072066878,1,nan
4,H0,0.9999991835309329,8.16469067133063e-07,0.001418544386570646,0.0036179831525569844,1.0,0.3475897810557895,1,nan
4,H1,0.9999991835309329,8.16469067133063e-07,0.0019606708541381147,0.003925558982461214,0.37988376964332204,0.11603435151153858,1,nan
4,H2,0.9999991835309329,8.16469067133063e-07,0.0016525412194749577,0.002831159764077001,0.324790617858575,0.12706756517930276,1,nan
5,H0,0.9999989947531169,1.00524688306791e-06,0.0014140646957550792,0.002863300744613508,1.0,0.46239877368109183,1,nan
5,H1,0.9999989947531169,1.00524688306791e-06,0.0018920080139525643,0.00354130978803379,0.4522465119052717,0.1849194166106897,1,nan
5,H2,0.9999989947531169,1.00524688306791e-06,0.0016953238096370736,0.00305606325821939,0.33900644573464156,0.1213784862168646,1,nan
6,H0,0.9999989350273581,1.06497264185101e-06,0.0014127367274851367,0.0032515324677313403,1.0,0.3961539565025529,1,nan
6,H1,0.9999989350273581,1.06497264185101e-06,0.0011499035395393384,0.001793376851711122,0.22809097692389246,0.08175390565743858,1,nan
6,H2,0.9999989350273581,1.06497264185101e-06,0.0014142689958365495,0.002824127435635505,0.39753737316262266,0.12858891550650234,1,nan
7,H0,0.9999983494355296,1.65056447043455e-06,0.001401299862250266,0.002808397743077284,1.0,0.4683185054799312,1,nan
7,H1,0.9999983494355296,1.65056447043455e-06,0.001191608074165758,0.002362022990934517,0.37507393204886247,0.11681827236647904,1,nan
7,H2,0.9999983494355296,1.65056447043455e-06,0.0013962416621501543,0.002565372735699237,0.28947706444694826,0.08057246300000691,1,nan
8,H0,0.9999976099109873,2.39008901270488e-06,0.001389475258902221,0.002941195362315122,1.0,0.4392178228544072,1,nan
8,H1,0.9999976099109873,2.39008901270488e-06,0.0016073017503228538,0.003049698987226519,0.3163227303409102,0.0907790371380295,1,nan
8,H2,0.9999976099109873,2.39008901270488e-06,0.0014006383781881863,0.002300550530530435,0.24534917821693736,0.08101746921413965,1,nan
9,H0,0.9999972515493131,2.74845068692908e-06,0.00138441128232173,0.002769056700700266,1.0,0.4697776303173166,1,nan
9,H1,0.9999972515493131,2.74845068692908e-06,0.0016199527393306584,0.0030248871168646616,0.42317172642619905,0.1681176634854098,1,nan
9,H2,0.9999972515493131,2.74845068692908e-06,0.0017392046336868472,0.002954792441451891,0.3333237640076959,0.13723033882480248,1,nan
10,H0,0.9999964305638135,3.5694361865124e-06,0.0013739304342890457,0.0032625093406880253,1.0,0.38212632549432973,1,nan
10,H1,0.9999964305638135,3.5694361865124e-06,0.001086553515059963,0.0019249300368489825,0.2709925144164868,0.07898693092332602,1,nan
10,H2,0.9999964305638135,3.5694361865124e-06,0.0012460032721758484,0.0026010622238530957,0.3990810151991654,0.11754496924786646,1,nan
11,H0,0.9999963832699197,3.6167300803136e-06,0.001373365427924648,0.003046110878787206,1.0,0.4155925059344414,1,nan
11,H1,0.9999963832699197,3.6167300803136e-06,0.0015583848208018953,0.003298194042311022,0.3962025810050353,0.11153786818022762,1,nan
11,H2,0.9999963832699197,3.6167300803136e-06,0.0018026644925546434,0.0038761349838161907,0.4030668883216865,0.11096561092344406,1,nan
12,H0,0.9999959548828486,4.04511715135225e-06,0.0013684067124904485,0.0026519970692282908,1.0,0.4877145088730397,1,nan
12,H1,0.9999959548828486,4.04511715135225e-06,0.001316450212290485,0.0025965164536787826,0.4129863608670794,0.14440636238823887,1,nan
12,H2,0.9999959548828486,4.04511715135225e-06,0.0018377624191291612,0.00281474546318222,0.237776922905762,0.09670346572291899,1,nan
13,H0,0.9999957175219889,4.28247801109727e-06,0.0013657717685874404,0.0025282645162246257,1.0,0.5141834877081654,1,nan
13,H1,0.9999957175219889,4.28247801109727e-06,0.0013050368566201,0.0022192340824472357,0.2648583007976338,0.08685095248541554,1,nan
13,H2,0.9999957175219889,4.28247801109727e-06,0.0015497659964403359,0.0027800425377224242,0.342611774919874,0.1274757691873752,1,nan
14,H0,0.9999949655878757,5.03441212429401e-06,0.0013578732854618528,0.0031114991005650443,1.0,0.399801838772405,1,nan
14,H1,0.9999949655878757,5.03441212429401e-06,0.0010463281672316881,0.0020330717401054734,0.3318972607749818,0.09601718745115917,1,nan
14,H2,0.9999949655878757,5.03441212429401e-06,0.001447009059125437,0.0031203881845545227,0.4063277141703419,0.11289760786317535,1,nan
15,H0,0.9999948004295495,5.19957045053143e-06,0.0013562190476464448,0.002710653727682585,1.0,0.47080021829637525,1,nan
15,H1,0.9999948004295495,5.19957045053143e-06,0.0010772719099137265,0.001951303827837536,0.2761705413087733,0.07714830148928586,1,nan
15,H2,0.9999948004295495,5.19957045053143e-06,0.0012404588021484916,0.0023033883983120517,0.2729292322014859,0.06747854813372298,1,nan
16,H0,0.9999946724644592,5.32753554083332e-06,0.0013549552741194035,0.0034161916128113844,1.0,0.3547951623142858,1,nan
16,H1,0.9999946724644592,5.32753554083332e-06,0.0016497815154868218,0.003781488156492163,0.4040190003093879,0.09323697460830914,1,nan
16,H2,0.9999946724644592,5.32753554083332e-06,0.0014285297869255224,0.0026118446270699727,0.275785705327462,0.07418257931083423,1,nan
17,H0,0.9999944998331917,5.50016680833654e-06,0.0013532741179729931,0.002462184686402558,1.0,0.5246529103596649,1,nan
17,H1,0.9999944998331917,5.50016680833654e-06,0.0011827711946653017,0.0021117734865731246,0.2877620615336413,0.09010835903956278,1,nan
17,H2,0.9999944998331917,5.50016680833654e-06,0.0009199897047156156,0.0018848757090515562,0.33020495378888975,0.07937798423428237,1,nan
18,H0,0.9999942152718732,5.78472812684527e-06,0.0013505593511740905,0.0030364867701463687,1.0,0.40938189863439634,1,nan
18,H1,0.9999942152718732,5.78472812684527e-06,0.0011522967193936364,0.001958243421487899,0.28338564003890193,0.10173245543097402,1,nan
18,H2,0.9999942152718732,5.78472812684527e-06,0.0016013743517931975,0.0032492157866662696,0.3816015834652373,0.11630471545304502,1,nan
19,H0,0.9999917977476402,8.20225235975691e-06,0.001329759055741936,0.0027062131334176006,1.0,0.46154279046807556,1,nan
19,H1,0.9999917977476402,8.20225235975691e-06,0.0013240274646369465,0.0027022852422592626,0.35817770909509805,0.10036516215149309,1,nan
19,H2,0.9999917977476402,8.20225235975691e-06,0.0012235350491487484,0.0021136489274912727,0.26348214262937963,0.0827460856627134,1,nan
20,H0,0.9999917792203681,8.22077963191781e-06,0.0013296124542169301,0.002319628924334976,1.0,0.5505681572800489,1,nan
20,H1,0.9999917792203681,8.22077963191781e-06,0.001405980232031429,0.0023001576523865052,0.256046032703876,0.0930424178554499,1,nan
20,H2,0.9999917792203681,8.22077963191781e-06,0.0018092912239988503,0.0041916435339153435,0.4612086169064874,0.1249085315179443,1,nan
21,H0,0.9999914531930443,8.54680695572263e-06,0.001327059106145363,0.0027550413821240587,1.0,0.4509384247785948,1,nan
21,H1,0.9999914531930443,8.54680695572263e-06,0.001252066674997686,0.0022159524017507696,0.3541712523423627,0.14134532500657387,1,nan
21,H2,0.9999914531930443,8.54680695572263e-06,0.0009363492968718752,0.0016919753643721415,0.2676022000017326,0.07287893742369295,1,nan
22,H0,0.9999894111260954,1.05888739045934e-05,0.0013120639410443772,0.0027651547217238896,1.0,0.44336490118104815,1,nan
22,H1,0.9999894111260954,1.05888739045934e-05,0.0019383873023763002,0.003447382989609451,0.32337488071928994,0.11884044550076334,1,nan
22,H2,0.9999894111260954,1.05888739045934e-05,0.0012975375794496268,0.0023830524223737246,0.40455520937729195,0.1642279407713107,1,nan
23,H0,0.9999885827401283,1.14172598717488e-05,0.0013063969625718985,0.002159584274141468,1.0,0.5850321123174836,1,nan
23,H1,0.9999885827401283,1.14172598717488e-05,0.0015484695132079566,0.0030550132816795656,0.36351144905634897,0.11518519887072512,1,nan
23,H2,0.9999885827401283,1.14172598717488e-05,0.0013808175890689862,0.0022854103265278966,0.23220603396571515,0.0719117694876567,1,nan
24,H0,0.9999868239874061,1.3176012593874e-05,0.0012950076640040604,0.0027106324399573736,1.0,0.44735259365678864,1,nan
24,H1,0.9999868239874061,1.3176012593874e-05,0.001570958849870589,0.003113714762389192,0.35822609899234,0.11087873678963116,1,nan
24,H2,0.9999868239874061,1.3176012593874e-05,0.001299497943672347,0.0022557818752537762,0.3008218185857712,0.11063228110056621,1,nan
25,H0,0.9999861964971261,1.38035028739436e-05,0.0012911293892550566,0.002434683086355692,1.0,0.5048774455120275,1,nan
25,H1,0.9999861964971261,1.38035028739436e-05,0.0013397949472196344,0.0026112168967727467,0.3155772616882577,0.0872556990724926,1,nan
25,H2,0.9999861964971261,1.38035028739436e-05,0.0013152182001921193,0.0024640479019773453,0.27390158303160356,0.06896412655774613,1,nan
26,H0,0.9999858955586922,1.41044413077829e-05,0.001289300549698166,0.0022756067188001005,1.0,0.544121862623625,1,nan
26,H1,0.9999858955586922,1.41044413077829e-05,0.0014879576180861704,0.003068618324082899,0.35364586802513903,0.09644273337577912,1,nan
26,H2,0.9999858955586922,1.41044413077829e-05,0.0012250973262846652,0.0023541202292229994,0.3180026523639316,0.09314109902847059,1,nan
27,H0,0.999984918272474,1.50817275259563e-05,0.00128349159154583,0.002772303530390054,1.0,0.4313190443148301,1,nan
27,H1,0.999984918272474,1.50817275259563e-05,0.0014371232996312367,0.0030591510864393556,0.3697005329837535,0.0978131488636077,1,nan
27,H2,0.999984918272474,1.50817275259563e-05,0.0014753814313193962,0.002959042260803807,0.37049611129358256,0.11592974210351688,1,nan
28,H0,0.9999836112575723,1.63887424277087e-05,0.001276007979400306,0.0025600444453340023,1.0,0.47047323855684997,1,nan
28,H1,0.9999836112575723,1.63887424277087e-05,0.001071393388607619,0.0017802391697956314,0.2041596378949391,0.04962629342713868,1,nan
28,H2,0.9999836112575723,1.63887424277087e-05,0.0018095591865192812,0.003970713909373223,0.3847604182007096,0.0987735033685398,1,nan
29,H0,0.9999834265024687,1.65734975312581e-05,0.0012749744267666276,0.002384458024573335,1.0,0.5099592329312519,1,nan
29,H1,0.9999834265024687,1.65734975312581e-05,0.0013038208420815363,0.0022273216050652826,0.26680308383042806,0.09095756555848565,1,nan
29,H2,0.9999834265024687,1.65734975312581e-05,0.0013147515489868328,0.002286127508664994,0.2540974752884074,0.07623189029571034,1,nan
30,H0,0.9999831413238557,1.68586761443157e-05,0.0012733902703982527,0.0027993472764127236,1.0,0.4226274969402644,1,nan
30,H1,0.9999831413238557,1.68586761443157e-05,0.0015103865813068877,0.0024584177285794074,0.2869026255463786,0.12042735432007068,1,nan
30,H2,0.9999831413238557,1.68586761443157e-05,0.0018883081003400809,0.003248130908643493,0.331882076090046,0.13665575475933855,1,nan
31,H0,0.999981994804659,1.80051953410088e-05,0.0012671520394446263,0.0028362541915200696,1.0,0.4137817453999089,1,nan
31,H1,0.999981994804659,1.80051953410088e-05,0.0019679644788887004,0.0038365977834879856,0.39652179270274923,0.14205916731022705,1,nan
31,H2,0.999981994804659,1.80051953410088e-05,0.0011716487315808562,0.002037411946390466,0.29257696260558386,0.10529491253637882,1,nan
32,H0,0.9999807400686458,1.92599313542097e-05,0.0012605473334555664,0.0027556372604082223,1.0,0.4257794120808627,1,nan
32,H1,0.9999807400686458,1.92599313542097e-05,0.00129272832535279,0.0027530489291857107,0.389868631840014,0.11154644548473247,1,nan
32,H2,0.9999807400686458,1.92599313542097e-05,0.0017117319671670454,0.0035900689991605313,0.3544174429120925,0.09359317529069612,1,nan
33,H0,0.9999807199896826,1.92800103173685e-05,0.0012604434086342991,0.0026218005391181677,1.0,0.45146226190395516,1,nan
33,H1,0.9999807199896826,1.92800103173685e-05,0.0014239535837302839,0.0029607782414041934,0.4651104879920278,0.16433468729026735,1,nan
33,H2,0.9999807199896826,1.92800103173685e-05,0.0010365589024704087,0.0019619555280057134,0.2988186036377097,0.08554341959596046,1,nan
34,H0,0.9999804245786236,1.95754213764276e-05,0.0012589205910692619,0.0027003119455387054,1.0,0.43550286993566145,1,nan
34,H1,0.9999804245786236,1.95754213764276e-05,0.001320806548115304,0.0024089726818761646,0.30979748833009707,0.10409888020908999,1,nan
34,H2,0.9999804245786236,1.95754213764276e-05,0.0016734355684037711,0.0032079231493344277,0.28089031396989816,0.06923574935487325,1,nan
35,H0,0.9999789260363197,2.10739636803403e-05,0.0012513658877655594,0.0028827302544604406,1.0,0.4000943136247942,1,nan
35,H1,0.9999789260363197,2.10739636803403e-05,0.0010377641194717457,0.002173947746250976,0.3429052751671845,0.08697023315766907,1,nan
35,H2,0.9999789260363197,2.10739636803403e-05,0.0009605764655541571,0.001894490961336721,0.2998528401002976,0.07505497784268195,1,nan
36,H0,0.99997863981606,2.13601839399447e-05,0.0012499536634028043,0.002885028805168947,1.0,0.3992014837779639,1,nan
36,H1,0.99997863981606,2.13601839399447e-05,0.0015697104353438454,0.0037989398008992617,0.49614224972687293,0.1351038415958473,1,nan
36,H2,0.99997863981606,2.13601839399447e-05,0.001090562606319656,0.002442329894182394,0.41569953764815115,0.11294228313709033,1,nan
37,H0,0.9999782017135218,2.17982864781918e-05,0.0012478101334763218,0.0024693319228969368,1.0,0.47860312518921,1,nan
37,H1,0.9999782017135218,2.17982864781918e-05,0.0013358186533878329,0.002139582391041811,0.2910203178666273,0.1293338304376154,1,nan
37,H2,0.9999782017135218,2.17982864781918e-05,0.0015838465212449093,0.003305885563695826,0.4231015769726112,0.13858303021902194,1,nan
38,H0,0.9999775387838377,2.24612161623394e-05,0.0012446068779026482,0.0029686145805137842,1.0,0.3836999644467482,1,nan
38,H1,0.9999775387838377,2.24612161623394e-05,0.0016355065313918996,0.003303159597590959,0.4289714862809439,0.1524554804276723,1,nan
38,H2,0.9999775387838377,2.24612161623394e-05,0.0015849200861261777,0.002903839287946016,0.3069233355085544,0.10141583140618224,1,nan
39,H0,0.9999744085017265,2.5591498273525e-05,0.0012300796347670903,0.0022823433837590814,1.0,0.5154229682462852,1,nan
39,H1,0.9999744085017265,2.5591498273525e-05,0.0015214308700540863,0.00262853133655842,0.25196109204147926,0.07853051751497427,1,nan
39,H2,0.9999744085017265,2.5591498273525e-05,0.0011582034967518925,0.0022698045617327084,0.32702694472000204,0.09663484236271425,1,nan
40,H0,0.9999742592136068,2.57407863931691e-05,0.001229409511028369,0.0022169314496267877,1.0,0.5322468432622892,1,nan
40,H1,0.9999742592136068,2.57407863931691e-05,0.0012069645125489888,0.0027591691754173062,0.4055649595966349,0.10209145970875574,1,nan
40,H2,0.9999742592136068,2.57407863931691e-05,0.001097810573662067,0.002539994946376778,0.3574265006178787,0.069502041320989,1,nan
41,H0,0.9999724444277631,2.75555722368814e-05,0.0012214126547813384,0.0027567123786716124,1.0,0.41087397936383685,1,nan
41,H1,0.9999724444277631,2.75555722368814e-05,0.0015391177457352275,0.002954175992378269,0.35687099752533774,0.12306514574648464,1,nan
41,H2,0.9999724444277631,2.75555722368814e-05,0.0015914681653548587,0.0031500003918716016,0.3328527948049805,0.09815852895204161,1,nan
42,H0,0.9999710122751596,2.89877248403902e-05,0.00121528487583951,0.002304136020900658,1.0,0.5032685970081588,1,nan
42,H1,0.9999710122751596,2.89877248403902e-05,0.001192794716059022,0.002398037753981043,0.3175669749957632,0.08378540550475141,1,nan
42,H2,0.9999710122751596,2.89877248403902e-05,0.0013735420090172752,0.002404028793346087,0.3166226514180381,0.12297768448289507,1,nan
43,H0,0.999969510522715,3.04894772850117e-05,0.0012090186501124052,0.002717384909503765,1.0,0.41324950950121786,1,nan
43,H1,0.999969510522715,3.04894772850117e-05,0.0011620973933644512,0.0029063056950656466,0.41776483839312706,0.08483498507554285,1,nan
43,H2,0.999969510522715,3.04894772850117e-05,0.001133029596541338,0.0020655556972606686,0.2796177207691914,0.08501162300131582,1,nan
44,H0,0.9999564152856523,4.3584714347733e-05,0.0011598262811399547,0.0025650020430057104,1.0,0.42252175293927835,1,nan
44,H1,0.9999564152856523,4.3584714347733e-05,0.0011624518631254675,0.0016332276897321478,0.19198417426879763,0.09065466630222684,1,nan
44,H2,0.9999564152856523,4.3584714347733e-05,0.0012079534870132282,0.0025042838179798054,0.446278257874137,0.15868428696769984,1,nan
45,H0,0.9999550715123738,4.49284876261613e-05,0.0011552228930347436,0.002756249681971495,1.0,0.38611262303112254,1,nan
45,H1,0.9999550715123738,4.49284876261613e-05,0.0013353687107087783,0.002544473804695795,0.3330551542791232,0.11247935207382304,1,nan
45,H2,0.9999550715123738,4.49284876261613e-05,0.0010913288265929503,0.0019444322379277127,0.2775180957505438,0.09250804631314019,1,nan
46,H0,0.9999470205626795,5.29794373205217e-05,0.0011289658663926152,0.002519327164278783,1.0,0.4188645717213217,1,nan
46,H1,0.9999470205626795,5.29794373205217e-05,0.0011670822379535497,0.0025391604140577884,0.41259513664947034,0.12601091421757146,1,nan
46,H2,0.9999470205626795,5.29794373205217e-05,0.0012259525477534509,0.003065278644517128,0.45148432633031116,0.10847890568807234,1,nan
47,H0,0.9999444525464534,5.55474535466338e-05,0.0011210131334288625,0.002849042194880883,1.0,0.3584795512747464,1,nan
47,H1,0.9999444525464534,5.55474535466338e-05,0.0009913958087513744,0.0020652351258228525,0.379921624871462,0.11909663447772814,1,nan
47,H2,0.9999444525464534,5.55474535466338e-05,0.0013597299520600053,0.0031776256465706654,0.4032708569355086,0.10086896738324179,1,nan
48,H0,0.9999438611998864,5.61388001135699e-05,0.0011192077780114895,0.002619960023018944,1.0,0.3960612843947691,1,nan
48,H1,0.9999438611998864,5.61388001135699e-05,0.0009493982872803652,0.0021035447303265086,0.3382006150697327,0.07620811038350474,1,nan
48,H2,0.9999438611998864,5.61388001135699e-05,0.000970170480715727,0.001804656376676818,0.2823347019188076,0.08596077451149554,1,nan
49,H0,0.9999436897848124,5.63102151875938e-05,0.001118686217046427,0.0027347639840577106,1.0,0.3759714637512379,1,nan
49,H1,0.9999436897848124,5.63102151875938e-05,0.0014254880333601408,0.00268415584214019,0.34751783145374343,0.12727617150166323,1,nan
49,H2,0.9999436897848124,5.63102151875938e-05,0.001514925738093222,0.003161151864915985,0.3608004063322791,0.10683396391673071,1,nan
50,H0,0.9999403929265362,5.96070734637522e-05,0.0011088036439483152,0.0023659133889516485,1.0,0.44182922602259234,1,nan
50,H1,0.9999403929265362,5.96070734637522e-05,0.001440580406554976,0.0026444440500082394,0.3285531127912559,0.12224446897207528,1,nan
50,H2,0.9999403929265362,5.96070734637522e-05,0.0014149073285996453,0.0036019300531089857,0.43380906935739894,0.09521330012738892,1,nan
51,H0,0.9999377005712213,6.22994287786671e-05,0.001100932129955723,0.002854713530616852,1.0,0.350341261744941,1,nan
51,H1,0.9999377005712213,6.22994287786671e-05,0.001159612780388897,0.002470218433918852,0.37618488633849123,0.11159977451062847,1,nan
51,H2,0.9999377005712213,6.22994287786671e-05,0.001407051240927199,0.0036653857745900307,0.4573158518766397,0.10194318211823247,1,nan
52,H0,0.9999335906978701,6.64093021298662e-05,0.0010892339818460758,0.0021774209850861817,1.0,0.476517539395143,1,nan
52,H1,0.9999335906978701,6.64093021298662e-05,0.0013203342330959582,0.002660083702774263,0.43962318841165654,0.1666571953278377,1,nan
52,H2,0.9999335906978701,6.64093021298662e-05,0.001370409209635316,0.0027086274820185166,0.33830196249832295,0.10902932016723275,1,nan
53,H0,0.9999330801517845,6.69198482154965e-05,0.0010878060943834231,0.0023968665346994367,1.0,0.42618962940729754,1,nan
53,H1,0.9999330801517845,6.69198482154965e-05,0.0014022500925978188,0.0023367943390640647,0.20648528523266235,0.05970158473213203,1,nan
53,H2,0.9999330801517845,6.69198482154965e-05,0.0011796960417927895,0.0022037411562520533,0.39565895614160496,0.16235266048739275,1,nan
54,H0,0.9999223709138325,7.76290861674855e-05,0.0010590080679549752,0.0020543090336482676,1.0,0.4935870155631593,1,nan
54,H1,0.9999223709138325,7.76290861674855e-05,0.0012767790274676697,0.002042175444162199,0.2705482966001813,0.12149457877325512,1,nan
54,H2,0.9999223709138325,7.76290861674855e-05,0.0013752363954350215,0.0029202430326334293,0.3599501008086502,0.10481324174529905,1,nan
55,H0,0.9999206945115415,7.93054884584699e-05,0.0010546824434291234,0.0021677283587000396,1.0,0.4624949123292136,1,nan
55,H1,0.9999206945115415,7.93054884584699e-05,0.001322860491256277,0.00215323451473692,0.2823409585671264,0.12561150296129708,1,nan
55,H2,0.9999206945115415,7.93054884584699e-05,0.00150528304054103,0.0030090853635156775,0.346406931005169,0.11297093491882511,1,nan
56,H0,0.9999190346862958,8.09653137041622e-05,0.001050443875485678,0.002011001893766208,1.0,0.5010994200320968,1,nan
56,H1,0.9999190346862958,8.09653137041622e-05,0.0010145445613538265,0.001634423445578332,0.23410122315267912,0.09201542103212464,1,nan
56,H2,0.9999190346862958,8.09653137041622e-05,0.0012227023465829164,0.0034979153152382074,0.42550052117006437,0.06399203427965602,1,nan
57,H0,0.9999084156898567,9.15843101433333e-05,0.001024285916657916,0.0022567110045893734,1.0,0.4278472522180116,1,nan
57,H1,0.9999084156898567,9.15843101433333e-05,0.0010183012515922157,0.0018187468871704332,0.31178277218105543,0.1223020644770073,1,nan
57,H2,0.9999084156898567,9.15843101433333e-05,0.0008478218672087396,0.0017108481616638924,0.3006361332894453,0.08222604047804921,1,nan
58,H0,0.9999069849275312,9.30150724688383e-05,0.0010208785789321542,0.002220049452257829,1.0,0.43440651419221676,1,nan
58,H1,0.9999069849275312,9.30150724688383e-05,0.0007106849340205166,0.0013889921280981008,0.3069666004200734,0.09499865920338542,1,nan
58,H2,0.9999069849275312,9.30150724688383e-05,0.0008835495991900876,0.001676907464287101,0.2651671062007512,0.0738190075310402,1,nan
59,H0,0.9999037240988098,9.62759011902126e-05,0.001013208335410975,0.001916122453389866,1.0,0.5087222555511504,1,nan
59,H1,0.9999037240988098,9.62759011902126e-05,0.001366024614335625,0.0030895976072186407,0.5643203548638892,0.2034039497386354,1,nan
59,H2,0.9999037240988098,9.62759011902126e-05,0.0011994942593648525,0.0019552866933817965,0.23769054853548846,0.09331854334913026,1,nan
60,H0,0.9999033447097302,9.66552902698092e-05,0.0010123243029140014,0.0021543392996183747,1.0,0.44550726995525375,1,nan
60,H1,0.9999033447097302,9.66552902698092e-05,0.0011878968528313662,0.0025634111657425744,0.3472488411937036,0.09537607168438827,1,nan
60,H2,0.9999033447097302,9.66552902698092e-05,0.0010954838311398045,0.0019657887714397524,0.2968203559623532,0.11119786581660762,1,nan
61,H0,0.9999009466228718,9.90533771282331e-05,0.0010067755758348777,0.001801698158551773,1.0,0.5407866332471479,1,nan
61,H1,0.9999009466228718,9.90533771282331e-05,0.0014162372749298602,0.0030046242348808427,0.400245030173337,0.13226991467893714,1,nan
61,H2,0.9999009466228718,9.90533771282331e-05,0.0012209266359217326,0.0020127592475243017,0.2850926503024348,0.12607626028909688,1,nan
