controller,structure,state,C_state,C_choi,int_sigma
1,H0,e100,22.5,18.371173070873827,17.117119437122156
1,H0,plus,22.5,18.371173070873827,15.696907401997114
1,H1,e100,22.341889441591217,22.341889441591217,20.924896435172865
1,H1,plus,22.341889441591217,22.341889441591217,19.60522399365691
1,H2,e100,27.374957833740112,27.374957833740112,26.212883699238613
1,H2,plus,27.374957833740112,27.374957833740112,24.716866818762075
2,H0,e100,22.5,18.371173070873827,17.605372563641076
2,H0,plus,22.5,18.371173070873827,13.805124397069141
2,H1,e100,29.82037335645843,29.820373356458425,26.608254893289462
2,H1,plus,29.82037335645843,29.820373356458425,26.66707421537836
2,H2,e100,25.83522286567935,25.835222865679352,24.17203145802211
2,H2,plus,25.83522286567935,25.835222865679352,23.78363776416016
3,H0,e100,22.5,18.371173070873827,17.338339236020047
3,H0,plus,22.5,18.371173070873827,14.39565100450736
3,H1,e100,28.367432534756755,28.367432534756748,26.887712871695573
3,H1,plus,28.367432534756755,28.367432534756748,24.040780873411524
3,H2,e100,30.424789124603915,30.42478912460391,28.629312606376814
3,H2,plus,30.424789124603915,30.42478912460391,27.46096542446756
4,H0,e100,22.5,18.371173070873827,17.555251551695704
4,H0,plus,22.5,18.371173070873827,17.274256926215074
4,H1,e100,19.619297614565777,19.619297614565777,18.6423898528932
4,H1,plus,19.619297614565777,19.619297614565777,18.423611919868893
4,H2,e100,22.456353631879388,22.456353631879384,21.594509925678782
4,H2,plus,22.456353631879388,22.456353631879384,20.925307061575776
5,H0,e100,22.5,18.371173070873827,16.063048151406974
5,H0,plus,22.5,18.371173070873827,16.02392869657756
5,H1,e100,20.921155863162046,20.921155863162046,19.118110018167386
5,H1,plus,20.921155863162046,20.921155863162046,18.404737112045325
5,H2,e100,22.05991552833207,22.059915528332066,20.54018598535996
5,H2,plus,22.05991552833207,22.059915528332066,20.14532588644029
6,H0,e100,22.5,18.371173070873827,17.308173168565826
6,H0,plus,22.5,18.371173070873827,15.027268860662682
6,H1,e100,28.759008223604607,28.75900822360461,27.353471950583202
6,H1,plus,28.759008223604607,28.75900822360461,26.83139199243844
6,H2,e100,27.34211905451562,27.342119054515624,25.524151975829398
6,H2,plus,27.34211905451562,27.342119054515624,24.261473079298668
7,H0,e100,22.5,18.371173070873827,16.70605649680449
7,H0,plus,22.5,18.371173070873827,15.099907570069524
7,H1,e100,31.83859027101827,31.838590271018266,27.773203748157083
7,H1,plus,31.83859027101827,31.838590271018266,28.42524344817827
7,H2,e100,25.481414680046974,25.48141468004697,23.204903234874223
7,H2,plus,25.481414680046974,25.48141468004697,22.3868333393563
8,H0,e100,22.5,18.371173070873827,17.669196665590714
8,H0,plus,22.5,18.371173070873827,15.640280831084223
8,H1,e100,22.514046273775108,22.514046273775115,21.330364367582234
8,H1,plus,22.514046273775108,22.514046273775115,19.74178406059165
8,H2,e100,23.91562335623516,23.91562335623516,23.078841731107513
8,H2,plus,23.91562335623516,23.91562335623516,22.130434102804443
9,H0,e100,22.5,18.371173070873827,17.752743168588207
9,H0,plus,22.5,18.371173070873827,15.92520884831
9,H1,e100,23.693836101845992,23.693836101845992,22.90364999233124
9,H1,plus,23.693836101845992,23.693836101845992,20.955736216965484
9,H2,e100,21.012658560171353,21.01265856017135,20.232409560355784
9,H2,plus,21.012658560171353,21.01265856017135,18.835377095222594
10,H0,e100,22.5,18.371173070873827,16.24371981734477
10,H0,plus,22.5,18.371173070873827,17.231782441518586
10,H1,e100,31.555625809745052,31.555625809745056,28.755875206517825
10,H1,plus,31.555625809745052,31.555625809745056,29.3097231578962
10,H2,e100,30.268658635128315,30.2686586351283,28.459701183670266
10,H2,plus,30.268658635128315,30.2686586351283,28.280613578173167
11,H0,e100,22.5,18.371173070873827,18.07078483715533
11,H0,plus,22.5,18.371173070873827,14.019902160678608
11,H1,e100,24.159221272573987,24.159221272573987,22.824244464067384
11,H1,plus,24.159221272573987,24.159221272573987,21.59249843984853
11,H2,e100,20.952292606733852,20.95229260673385,20.08847350761693
11,H2,plus,20.952292606733852,20.95229260673385,18.858121637678863
12,H0,e100,22.5,18.371173070873827,16.876098668779292
12,H0,plus,22.5,18.371173070873827,15.626566025856558
12,H1,e100,28.72025977044904,28.72025977044903,26.4762637994385
12,H1,plus,28.72025977044904,28.72025977044903,24.411570663758276
12,H2,e100,17.796033610688678,17.796033610688674,17.1686422655798
12,H2,plus,17.796033610688678,17.796033610688674,15.820998146312778
13,H0,e100,22.5,18.371173070873827,16.693942809490636
13,H0,plus,22.5,18.371173070873827,15.791974520051163
13,H1,e100,25.95080055316537,25.95080055316536,24.091531042431868
13,H1,plus,25.95080055316537,25.95080055316536,21.82072380180769
13,H2,e100,23.447183714069592,23.447183714069595,21.38931857247043
13,H2,plus,23.447183714069592,23.447183714069595,22.116757190695786
14,H0,e100,22.5,18.371173070873827,17.132904165677644
14,H0,plus,22.5,18.371173070873827,14.021361351965236
14,H1,e100,34.29074185569757,34.29074185569756,32.657320786861206
14,H1,plus,34.29074185569757,34.29074185569756,28.92177037698194
14,H2,e100,25.86700040123982,25.86700040123981,24.191726545988388
14,H2,plus,25.86700040123982,25.86700040123981,22.528215744717993
15,H0,e100,22.5,18.371173070873827,18.26201637136253
15,H0,plus,22.5,18.371173070873827,14.831401207014013
15,H1,e100,31.65639971847994,31.656399718479932,30.597861539665576
15,H1,plus,31.65639971847994,31.656399718479932,27.68160361750281
15,H2,e100,27.393276798969687,27.393276798969694,25.81307787672554
15,H2,plus,27.393276798969687,27.393276798969694,24.763992796896922
16,H0,e100,22.5,18.371173070873827,17.128029622644476
16,H0,plus,22.5,18.371173070873827,14.130194252455496
16,H1,e100,22.61920989701949,22.619209897019484,21.76586707003346
16,H1,plus,22.61920989701949,22.619209897019484,20.987065320949732
16,H2,e100,23.843176886881697,23.843176886881697,22.76434175963013
16,H2,plus,23.843176886881697,23.843176886881697,21.38424028219885
17,H0,e100,22.5,18.371173070873827,17.151331850805313
17,H0,plus,22.5,18.371173070873827,16.621447790974997
17,H1,e100,29.129189446003576,29.129189446003583,27.58907549195391
17,H1,plus,29.129189446003576,29.129189446003583,26.01332166954846
17,H2,e100,38.833517171637375,38.833517171637375,36.85722889095104
17,H2,plus,38.833517171637375,38.833517171637375,36.44362423702591
18,H0,e100,22.5,18.371173070873827,17.79641156462299
18,H0,plus,22.5,18.371173070873827,12.898626305393705
18,H1,e100,29.715015846292555,29.715015846292548,27.092991386205785
18,H1,plus,29.715015846292555,29.715015846292548,25.916776166367082
18,H2,e100,22.9839361717747,22.983936171774705,21.931523026999486
18,H2,plus,22.9839361717747,22.983936171774705,21.924669754717616
19,H0,e100,22.5,18.371173070873827,14.484913246552773
19,H0,plus,22.5,18.371173070873827,15.64918664453116
19,H1,e100,27.05338504377662,27.053385043776622,25.331309294670394
19,H1,plus,27.05338504377662,27.053385043776622,24.90723515638088
19,H2,e100,27.007666706561267,27.00766670656127,25.28053102106556
19,H2,plus,27.007666706561267,27.00766670656127,24.676080658892666
20,H0,e100,22.5,18.371173070873827,16.613287418000972
20,H0,plus,22.5,18.371173070873827,15.035335949483006
20,H1,e100,23.2859856778559,23.2859856778559,22.29882221447948
20,H1,plus,23.2859856778559,23.2859856778559,20.13990847183999
20,H2,e100,20.705975142528278,20.705975142528278,19.888881274592556
20,H2,plus,20.705975142528278,20.705975142528278,19.283507995821473
21,H0,e100,22.5,18.371173070873827,18.51050148131731
21,H0,plus,22.5,18.371173070873827,12.909479610876962
21,H1,e100,28.486601216446488,28.486601216446484,27.012652525712696
21,H1,plus,28.486601216446488,28.486601216446484,24.620828529380912
21,H2,e100,35.4008047878184,35.4008047878184,34.32679264750624
21,H2,plus,35.4008047878184,35.4008047878184,32.29071715502968
22,H0,e100,22.5,18.371173070873827,18.728522492983544
22,H0,plus,22.5,18.371173070873827,14.127377875339773
22,H1,e100,17.837050208285554,17.83705020828555,16.766169019725208
22,H1,plus,17.837050208285554,17.83705020828555,15.513133767767439
22,H2,e100,27.92062380120657,27.920623801206563,26.462018121667384
22,H2,plus,27.92062380120657,27.920623801206563,26.593730803344847
23,H0,e100,22.5,18.371173070873827,18.172251882115216
23,H0,plus,22.5,18.371173070873827,14.11637743630095
23,H1,e100,22.831706603849057,22.831706603849057,21.149439465664344
23,H1,plus,22.831706603849057,22.831706603849057,19.226788012560085
23,H2,e100,22.591239806901502,22.591239806901502,20.785455827509544
23,H2,plus,22.591239806901502,22.591239806901502,19.197243913877333
24,H0,e100,22.5,18.371173070873827,16.923118832533827
24,H0,plus,22.5,18.371173070873827,17.382446951941876
24,H1,e100,22.25797056545605,22.25797056545604,20.42162294234508
24,H1,plus,22.25797056545605,22.25797056545604,21.167392201773318
24,H2,e100,25.821309590260913,25.82130959026091,24.457461042215765
24,H2,plus,25.821309590260913,25.82130959026091,24.2746424966408
25,H0,e100,22.5,18.371173070873827,15.68406300208252
25,H0,plus,22.5,18.371173070873827,15.376613901358434
25,H1,e100,25.286178037496924,25.28617803749693,23.62958239725315
25,H1,plus,25.286178037496924,25.28617803749693,21.091620296046823
25,H2,e100,24.786203815945488,24.78620381594549,21.968188308803693
25,H2,plus,24.786203815945488,24.78620381594549,22.473175581820573
26,H0,e100,22.5,18.371173070873827,16.232231253919096
26,H0,plus,22.5,18.371173070873827,14.245674816580523
26,H1,e100,23.341882466265627,23.34188246626562,22.151648667689148
26,H1,plus,23.341882466265627,23.34188246626562,22.03542039796927
26,H2,e100,27.670748004382485,27.670748004382485,26.54820446052861
26,H2,plus,27.670748004382485,27.670748004382485,24.81889108357044
27,H0,e100,22.5,18.371173070873827,16.456378178209704
27,H0,plus,22.5,18.371173070873827,17.17842674172133
27,H1,e100,24.288185361545118,24.28818536154512,22.482023619028787
27,H1,plus,24.288185361545118,24.28818536154512,21.29532872577225
27,H2,e100,23.668441279014395,23.668441279014395,21.703792021721032
27,H2,plus,23.668441279014395,23.668441279014395,19.884685327533248
28,H0,e100,22.5,18.371173070873827,15.722044834443125
28,H0,plus,22.5,18.371173070873827,14.617198010064874
28,H1,e100,27.188328907677587,27.18832890767759,25.153917292590787
28,H1,plus,27.188328907677587,27.18832890767759,22.39682347247655
28,H2,e100,19.33360868474802,19.333608684748018,17.92425416594191
28,H2,plus,19.33360868474802,19.333608684748018,16.93603335059147
29,H0,e100,22.5,18.371173070873827,18.207144431137987
29,H0,plus,22.5,18.371173070873827,12.10227936987765
29,H1,e100,24.53790946597784,24.53790946597784,23.045857974756174
29,H1,plus,24.53790946597784,24.53790946597784,19.646886625221413
29,H2,e100,23.966102936978807,23.966102936978803,22.784133265816294
29,H2,plus,23.966102936978807,23.966102936978803,21.13915877472211
30,H0,e100,22.5,18.371173070873827,17.457420110941214
30,H0,plus,22.5,18.371173070873827,15.01305821424369
30,H1,e100,21.6100641647714,21.6100641647714,20.45196216256265
30,H1,plus,21.6100641647714,21.6100641647714,18.120630815401434
30,H2,e100,17.93415530648964,17.934155306489643,17.098851202373904
30,H2,plus,17.93415530648964,17.934155306489643,16.401057762681926
31,H0,e100,22.5,18.371173070873827,15.557505123105036
31,H0,plus,22.5,18.371173070873827,15.800409424094312
31,H1,e100,17.76008056236464,17.760080562364635,16.89312227097308
31,H1,plus,17.76008056236464,17.760080562364635,16.417794248312884
31,H2,e100,27.886931932669608,27.886931932669597,26.677624009182427
31,H2,plus,27.886931932669608,27.886931932669597,25.40921588830601
32,H0,e100,22.5,18.371173070873827,17.47100226327131
32,H0,plus,22.5,18.371173070873827,16.442197012205895
32,H1,e100,26.82472014263407,26.824720142634067,25.160365786301128
32,H1,plus,26.82472014263407,26.824720142634067,24.003193986171595
32,H2,e100,19.886724069129137,19.88672406912913,18.245635915636655
32,H2,plus,19.886724069129137,19.88672406912913,18.81966257184827
33,H0,e100,22.5,18.371173070873827,16.752513252159332
33,H0,plus,22.5,18.371173070873827,16.130241160830842
33,H1,e100,25.042097889380084,25.042097889380088,22.60130588557587
33,H1,plus,25.042097889380084,25.042097889380088,22.53939292346174
33,H2,e100,31.550554488415106,31.55055448841511,27.22108142673271
33,H2,plus,31.550554488415106,31.55055448841511,28.276559104742127
34,H0,e100,22.5,18.371173070873827,16.80581364332225
34,H0,plus,22.5,18.371173070873827,16.189312436971534
34,H1,e100,24.963398193755843,24.963398193755843,23.345056108696152
34,H1,plus,24.963398193755843,24.963398193755843,20.103367066237507
34,H2,e100,19.19610386699545,19.196103866995447,17.557824379949732
34,H2,plus,19.19610386699545,19.196103866995447,16.860541782939872
35,H0,e100,22.5,18.371173070873827,15.833117177454888
35,H0,plus,22.5,18.371173070873827,14.791401519506156
35,H1,e100,32.35691167155164,32.35691167155164,29.84670968019865
35,H1,plus,32.35691167155164,32.35691167155164,28.633845907047228
35,H2,e100,33.85956825519549,33.8595682551955,31.22890466457135
35,H2,plus,33.85956825519549,33.8595682551955,30.271417154275117
36,H0,e100,22.5,18.371173070873827,18.14879591179866
36,H0,plus,22.5,18.371173070873827,16.33960412490531
36,H1,e100,22.727316517780995,22.727316517780995,20.515853505871753
36,H1,plus,22.727316517780995,22.727316517780995,20.44781649406897
36,H2,e100,31.898756208224125,31.898756208224118,30.56275062167736
36,H2,plus,31.898756208224125,31.898756208224118,29.98375814955519
37,H0,e100,22.5,18.371173070873827,15.813855090688664
37,H0,plus,22.5,18.371173070873827,15.499546513588045
37,H1,e100,24.095865184306938,24.09586518430694,22.88763359848512
37,H1,plus,24.095865184306938,24.09586518430694,19.047797809236158
37,H2,e100,21.991092394552144,21.991092394552137,20.802185181156208
37,H2,plus,21.991092394552144,21.991092394552137,20.65406781932471
38,H0,e100,22.5,18.371173070873827,17.456448336328375
38,H0,plus,22.5,18.371173070873827,16.645426792720496
38,H1,e100,21.291117749834022,21.29111774983402,20.466077320784798
38,H1,plus,21.291117749834022,21.29111774983402,18.480416831517815
38,H2,e100,20.544715146115742,20.544715146115745,19.412561712828285
38,H2,plus,20.544715146115742,20.544715146115745,18.4239186891215
39,H0,e100,22.5,18.371173070873827,17.282174477247803
39,H0,plus,22.5,18.371173070873827,16.786313844107372
39,H1,e100,20.030929146398734,20.03092914639873,18.362786991220375
39,H1,plus,20.030929146398734,20.03092914639873,18.352777832895228
39,H2,e100,28.24607071909243,28.246070719092433,26.370749814417902
39,H2,plus,28.24607071909243,28.246070719092433,24.372927200095738
40,H0,e100,22.5,18.371173070873827,17.218226267442443
40,H0,plus,22.5,18.371173070873827,16.402495126423496
40,H1,e100,28.26435413220375,28.26435413220375,26.543037108313662
40,H1,plus,28.26435413220375,28.26435413220375,24.3517167236127
40,H2,e100,30.35990137864416,30.35990137864416,29.303453930769027
40,H2,plus,30.35990137864416,30.35990137864416,27.408462244245143
41,H0,e100,22.5,18.371173070873827,15.937932146621144
41,H0,plus,22.5,18.371173070873827,16.65262855834501
41,H1,e100,21.519223733316025,21.519223733316025,20.349116145566843
41,H1,plus,21.519223733316025,21.519223733316025,19.349760268985843
41,H2,e100,20.506903807858844,20.506903807858844,19.278211726536995
41,H2,plus,20.506903807858844,20.506903807858844,19.22502982529431
42,H0,e100,22.5,18.371173070873827,16.566705653645794
42,H0,plus,22.5,18.371173070873827,12.797914227917063
42,H1,e100,26.945767405346842,26.94576740534684,25.920271929036954
42,H1,plus,26.945767405346842,26.94576740534684,21.86869723375874
42,H2,e100,23.383450233872356,23.38345023387236,22.57084633689767
42,H2,plus,23.383450233872356,23.38345023387236,21.03435267505642
43,H0,e100,22.5,18.371173070873827,16.38067158593983
43,H0,plus,22.5,18.371173070873827,17.382215004217056
43,H1,e100,29.039766738941605,29.039766738941605,27.387345257226848
43,H1,plus,29.039766738941605,29.039766738941605,26.086709282137893
43,H2,e100,27.33108656187224,27.331086561872237,26.182340595644092
43,H2,plus,27.33108656187224,27.331086561872237,24.704503629510402
44,H0,e100,22.5,18.371173070873827,15.377521309099022
44,H0,plus,22.5,18.371173070873827,15.039729757885715
44,H1,e100,22.620137950008278,22.620137950008274,21.402876813970778
44,H1,plus,22.620137950008278,22.620137950008274,19.056545293225405
44,H2,e100,27.128178928731177,27.128178928731167,25.989772805738838
44,H2,plus,27.128178928731177,27.128178928731167,25.540622627533462
45,H0,e100,22.5,18.371173070873827,18.16882711811241
45,H0,plus,22.5,18.371173070873827,15.325701213992549
45,H1,e100,23.239370728300194,23.239370728300184,22.16348329187397
45,H1,plus,23.239370728300194,23.239370728300184,21.33079706058769
45,H2,e100,27.208374892246777,27.20837489224677,26.46824209306511
45,H2,plus,27.208374892246777,27.20837489224677,25.992905065063244
46,H0,e100,22.5,18.371173070873827,17.79025154771571
46,H0,plus,22.5,18.371173070873827,15.041444726864572
46,H1,e100,27.063990284419347,27.063990284419337,26.00041701661055
46,H1,plus,27.063990284419347,27.063990284419337,23.815397463050086
46,H2,e100,26.09599412786159,26.095994127861587,24.237525028364093
46,H2,plus,26.09599412786159,26.095994127861587,22.969996076102493
47,H0,e100,22.5,18.371173070873827,15.504581302739384
47,H0,plus,22.5,18.371173070873827,16.295658158035423
47,H1,e100,31.230062810140275,31.230062810140275,27.67753548582791
47,H1,plus,31.230062810140275,31.230062810140275,29.051015014908035
47,H2,e100,22.99465438125494,22.994654381254936,20.91492447959113
47,H2,plus,22.99465438125494,22.994654381254936,21.33880535215589
48,H0,e100,22.5,18.371173070873827,17.82436612290156
48,H0,plus,22.5,18.371173070873827,13.170646096796824
48,H1,e100,31.859932695764016,31.859932695764016,30.202108950773393
48,H1,plus,31.859932695764016,31.859932695764016,27.146699738377844
48,H2,e100,29.900773896640192,29.900773896640185,27.251667333140503
48,H2,plus,29.900773896640192,29.900773896640185,24.630328106527116
49,H0,e100,22.5,18.371173070873827,16.146337986903376
49,H0,plus,22.5,18.371173070873827,16.277974590335504
49,H1,e100,21.32577754393717,21.32577754393717,18.66283345482898
49,H1,plus,21.32577754393717,21.32577754393717,19.355627408488466
49,H2,e100,20.21086201124702,20.210862011247013,18.27391278483885
49,H2,plus,20.21086201124702,20.210862011247013,18.43116143269785
50,H0,e100,22.5,18.371173070873827,15.480034629816258
50,H0,plus,22.5,18.371173070873827,15.038382599788132
50,H1,e100,20.694487361819256,20.694487361819256,18.570430095394585
50,H1,plus,20.694487361819256,20.694487361819256,17.73560246376922
50,H2,e100,22.108495817034534,22.108495817034527,21.0809410649538
50,H2,plus,22.108495817034534,22.108495817034527,18.949783208940666
51,H0,e100,22.5,18.371173070873827,16.949481014179955
51,H0,plus,22.5,18.371173070873827,14.85960069122542
51,H1,e100,26.210755005425124,26.21075500542512,24.903842335816293
51,H1,plus,26.210755005425124,26.21075500542512,22.285400243750697
51,H2,e100,22.23723540534167,22.237235405341668,20.947240349240623
51,H2,plus,22.23723540534167,22.237235405341668,19.996630157373993
52,H0,e100,22.5,18.371173070873827,15.762636009911734
52,H0,plus,22.5,18.371173070873827,16.9163424221843
52,H1,e100,23.338396979841335,23.338396979841335,22.248861359173194
52,H1,plus,23.338396979841335,23.338396979841335,20.41414746574559
52,H2,e100,21.532899176395635,21.532899176395635,20.08091224678762
52,H2,plus,21.532899176395635,21.532899176395635,19.725020948844968
53,H0,e100,22.5,18.371173070873827,16.52618529348141
53,H0,plus,22.5,18.371173070873827,15.515186496215106
53,H1,e100,18.303564353083832,18.303564353083825,17.330856717563723
53,H1,plus,18.303564353083832,18.303564353083825,15.384082027362359
53,H2,e100,25.69124919694497,25.691249196944977,23.572118445968183
53,H2,plus,25.69124919694497,25.691249196944977,23.624649574573258
54,H0,e100,22.5,18.371173070873827,16.158293277123033
54,H0,plus,22.5,18.371173070873827,16.349036695318603
54,H1,e100,21.397583354328905,21.397583354328898,19.816721349010912
54,H1,plus,21.397583354328905,21.397583354328898,19.53503785531455
54,H2,e100,21.156025676786058,21.156025676786054,19.76376603069393
54,H2,plus,21.156025676786058,21.156025676786054,20.06394813481848
55,H0,e100,22.5,18.371173070873827,16.87323569880848
55,H0,plus,22.5,18.371173070873827,16.39273530054377
55,H1,e100,20.80541862930202,20.805418629302014,19.99765209838018
55,H1,plus,20.80541862930202,20.805418629302014,18.36509999166214
55,H2,e100,19.12039341621553,19.120393416215528,17.53483782323752
55,H2,plus,19.12039341621553,19.120393416215528,16.916222454838163
56,H0,e100,22.5,18.371173070873827,15.629240434197222
56,H0,plus,22.5,18.371173070873827,15.86986260206128
56,H1,e100,25.64048110273773,25.640481102737724,24.44945373858961
56,H1,plus,25.64048110273773,25.640481102737724,22.36973487756445
56,H2,e100,24.244185022768118,24.244185022768118,22.82354708559383
56,H2,plus,24.244185022768118,24.244185022768118,20.627423679341202
57,H0,e100,22.5,18.371173070873827,18.09875416684018
57,H0,plus,22.5,18.371173070873827,16.54192474009273
57,H1,e100,26.942284885050277,26.942284885050285,25.12894386836108
57,H1,plus,26.942284885050277,26.942284885050285,24.295945371636268
57,H2,e100,32.10138904477125,32.10138904477125,29.782935658911537
57,H2,plus,32.10138904477125,32.10138904477125,29.566353410900977
58,H0,e100,22.5,18.371173070873827,15.959969559646856
58,H0,plus,22.5,18.371173070873827,13.370587431613542
58,H1,e100,38.35823745463025,38.35823745463025,36.42764945101425
58,H1,plus,38.35823745463025,38.35823745463025,29.40672007087143
58,H2,e100,29.77941183587102,29.77941183587102,28.03111018468447
58,H2,plus,29.77941183587102,29.77941183587102,24.262231210754365
59,H0,e100,22.5,18.371173070873827,16.837445034862117
59,H0,plus,22.5,18.371173070873827,16.40211910724836
59,H1,e100,21.609031016920106,21.609031016920106,20.728403452051776
59,H1,plus,21.609031016920106,21.609031016920106,18.931242844961467
59,H2,e100,21.124759207765873,21.124759207765866,20.090975824797706
59,H2,plus,21.124759207765873,21.124759207765866,19.54587680553956
60,H0,e100,22.5,18.371173070873827,17.40963135664335
60,H0,plus,22.5,18.371173070873827,14.137404662825986
60,H1,e100,23.342129833280897,23.3421298332809,21.921619262906294
60,H1,plus,23.342129833280897,23.3421298332809,20.401307880182426
60,H2,e100,24.511790812364385,24.51179081236439,23.287347488277693
60,H2,plus,24.511790812364385,24.51179081236439,22.152570308844332
61,H0,e100,22.5,18.371173070873827,16.171924323592684
61,H0,plus,22.5,18.371173070873827,17.620908043550877
61,H1,e100,19.93641501263763,19.93641501263763,18.49859040480087
61,H1,plus,19.93641501263763,19.93641501263763,17.66918704243125
61,H2,e100,21.67997106504422,21.679971065044217,20.57240020843651
61,H2,plus,21.67997106504422,21.679971065044217,19.8943603216294
