L,h0,gap,C_prep_fd,C_prep_sigma,C_prep_spread,r_one_step,M_minus,evals_minus,crossing_lo_minus,crossing_hi_minus,M_plus,evals_plus,crossing_lo_plus,crossing_hi_plus
2,1.0,1.2360679774997898,0.2000000000293607,0.7236067977499788,1.6180339887498947,0.02537208646268649,0.19004288433150623,59,0.19012020695402565,0.1901202069650876,0.27307012486282145,63,0.27323672252698794,0.2732367225428827
2,0.5,0.41421356237309537,0.2499999999402365,1.7071067811865448,2.414213562373093,0.017004667234896225,0.16454303040739565,82,0.16461480595507488,0.16461480596465256,0.19695558085362336,66,0.1970525778135041,0.19705257782496843
2,0.25,0.11803398874989501,0.19999999997591053,3.7888543819998275,4.236067977499784,0.009691274663245162,0.2144977179442038,224,0.21460009571278746,0.2146000957252729,0.23463107684841947,124,0.2347511428003594,0.23475114281401674
3,1.0,0.8900837358252596,0.3408279675768515,1.4509977388518827,3.370469405576193,0.012180172350536348,0.11798024967891417,76,0.118029172704563,0.11802917271143036,0.1483706637992788,74,0.14844742033670327,0.1484474203453396
3,0.5,0.19393656647463153,0.40576665023935393,4.868943709961244,7.734487761987949,0.005307772088526293,0.10651600281552216,175,0.10656739081697111,0.10656739082317115,0.11468776845333996,123,0.11474450050509216,0.11474450051176788
3,0.25,0.02931658012883842,0.23815234716184586,16.964054367308698,25.58279296916466,0.0016047074418969627,0.18903336122418724,1419,0.1891286719434767,0.1891286719544799,0.18737051920129555,540,0.18746410785645795,0.18746410786736437
4,1.0,0.6945927106677203,0.47775104296587423,2.3074036575604633,5.758770483143643,0.007128760971164378,0.0861744180711133,94,0.08621355036293667,0.08621355036795267,0.10276295204407038,88,0.10281841116718174,0.10281841117316333
4,0.5,0.09478758774307394,0.5158932546931818,11.47361525289163,21.099809032181415,0.0019456525980644647,0.08595536506696061,405,0.08599747591159532,0.08599747591659858,0.08777309627990779,250,0.0878174344307494,0.08781743443585846
4,0.25,0.007324630921508479,0.2359073742709597,71.9358586889187,136.52565033188785,0.0003006973280283232,0.1941381078413437,9703,0.19423770791280134,0.19423770792410167,0.18544973486781902,2457,0.1855404847173256,0.1855404847281202
